Country,Year,Continent,Sex,Rate,income
Afghanistan,2009,Eastern Mediterranean,Both sexes,6.84,438.0761424
Afghanistan,2010,Eastern Mediterranean,Both sexes,6.67,543.3029674
Afghanistan,2011,Eastern Mediterranean,Both sexes,6.42,591.1627983
Afghanistan,2012,Eastern Mediterranean,Both sexes,6.24,641.871438
Afghanistan,2013,Eastern Mediterranean,Both sexes,6.17,637.165464
Afghanistan,2014,Eastern Mediterranean,Both sexes,6.02,613.8565052
Afghanistan,2015,Eastern Mediterranean,Both sexes,5.99,578.4663529
Afghanistan,2016,Eastern Mediterranean,Both sexes,6.01,509.2201005
Afghanistan,2017,Eastern Mediterranean,Both sexes,5.95,519.8889126
Afghanistan,2018,Eastern Mediterranean,Both sexes,5.91,493.7565814
Afghanistan,2019,Eastern Mediterranean,Both sexes,5.96,507.1033919
Albania,2009,Europe,Both sexes,7.96,4114.140114
Albania,2010,Europe,Both sexes,7.63,4094.350334
Albania,2011,Europe,Both sexes,7.63,4437.142885
Albania,2012,Europe,Both sexes,4.82,4247.629984
Albania,2013,Europe,Both sexes,4.84,4413.060861
Albania,2014,Europe,Both sexes,4.52,4578.631994
Albania,2015,Europe,Both sexes,4.23,3952.801215
Albania,2016,Europe,Both sexes,4.17,4124.055726
Albania,2017,Europe,Both sexes,4.11,4531.020806
Albania,2018,Europe,Both sexes,3.94,5284.380184
Albania,2019,Europe,Both sexes,3.72,5355.847795
Algeria,2009,Africa,Both sexes,3.15,3883.27129
Algeria,2010,Africa,Both sexes,3,4480.787439
Algeria,2011,Africa,Both sexes,2.94,5455.67903
Algeria,2012,Africa,Both sexes,2.89,5592.220115
Algeria,2013,Africa,Both sexes,2.85,5499.587331
Algeria,2014,Africa,Both sexes,2.78,5493.056663
Algeria,2015,Africa,Both sexes,2.72,4177.886892
Algeria,2016,Africa,Both sexes,2.61,3946.452425
Algeria,2017,Africa,Both sexes,2.54,4109.703442
Algeria,2018,Africa,Both sexes,2.58,4153.956234
Algeria,2019,Africa,Both sexes,2.6,3975.508993
Angola,2009,Africa,Both sexes,13.65,3122.781599
Angola,2010,Africa,Both sexes,14.21,3587.883645
Angola,2011,Africa,Both sexes,13.49,4615.468219
Angola,2012,Africa,Both sexes,14.16,5100.097027
Angola,2013,Africa,Both sexes,14.16,5254.881126
Angola,2014,Africa,Both sexes,13.14,5408.4117
Angola,2015,Africa,Both sexes,13.27,4166.979833
Angola,2016,Africa,Both sexes,12.87,3506.073128
Angola,2017,Africa,Both sexes,12.36,4095.810057
Angola,2018,Africa,Both sexes,12.35,3289.643995
Angola,2019,Africa,Both sexes,12.55,2809.626088
Antigua and Barbuda,2009,Americas,Both sexes,0,14160.562
Antigua and Barbuda,2010,Americas,Both sexes,0.13,13048.96058
Antigua and Barbuda,2011,Americas,Both sexes,0.16,12746.63347
Antigua and Barbuda,2012,Americas,Both sexes,0,13272.73494
Antigua and Barbuda,2013,Americas,Both sexes,0,12910.59063
Antigua and Barbuda,2014,Americas,Both sexes,0.44,13501.58092
Antigua and Barbuda,2015,Americas,Both sexes,0.42,14285.32978
Antigua and Barbuda,2016,Americas,Both sexes,0.49,15198.74297
Antigua and Barbuda,2017,Americas,Both sexes,0,15383.5764
Antigua and Barbuda,2018,Americas,Both sexes,0.32,16673.4369
Antigua and Barbuda,2019,Americas,Both sexes,0.32,17113.34977
Argentina,2009,Americas,Both sexes,8.35,8225.137583
Argentina,2010,Americas,Both sexes,8.43,10385.96443
Argentina,2011,Americas,Both sexes,8.42,12848.8642
Argentina,2012,Americas,Both sexes,8.96,13082.66433
Argentina,2013,Americas,Both sexes,8.45,13080.25473
Argentina,2014,Americas,Both sexes,9.16,12334.79825
Argentina,2015,Americas,Both sexes,8.1,13789.06042
Argentina,2016,Americas,Both sexes,8.06,12790.24247
Argentina,2017,Americas,Both sexes,8.69,14613.04182
Argentina,2018,Americas,Both sexes,8.99,11633.49801
Argentina,2019,Americas,Both sexes,8.14,9912.281809
Armenia,2009,Europe,Both sexes,4.06,2994.340471
Armenia,2010,Europe,Both sexes,5.86,3218.378299
Armenia,2011,Europe,Both sexes,5.74,3525.807198
Armenia,2012,Europe,Both sexes,6.39,3681.844691
Armenia,2013,Europe,Both sexes,5.31,3838.17388
Armenia,2014,Europe,Both sexes,4.63,3986.231624
Armenia,2015,Europe,Both sexes,4.7,3607.289299
Armenia,2016,Europe,Both sexes,4.43,3591.828052
Armenia,2017,Europe,Both sexes,2.43,3914.527854
Armenia,2018,Europe,Both sexes,1.65,4220.540321
Armenia,2019,Europe,Both sexes,2.66,4622.738182
Australia,2009,Western Pacific,Both sexes,10.01,42772.35917
Australia,2010,Western Pacific,Both sexes,10.41,52022.1256
Australia,2011,Western Pacific,Both sexes,10.06,62517.83375
Australia,2012,Western Pacific,Both sexes,10.48,68012.1479
Australia,2013,Western Pacific,Both sexes,10.24,68150.10704
Australia,2014,Western Pacific,Both sexes,11.31,62510.79117
Australia,2015,Western Pacific,Both sexes,11.81,56755.72171
Australia,2016,Western Pacific,Both sexes,10.92,49971.13146
Australia,2017,Western Pacific,Both sexes,11.79,54027.96682
Australia,2018,Western Pacific,Both sexes,11.26,57354.96405
Australia,2019,Western Pacific,Both sexes,11.25,55057.2047
Austria,2009,Europe,Both sexes,11.89,47963.1794
Austria,2010,Europe,Both sexes,12.21,46858.04327
Austria,2011,Europe,Both sexes,12.28,51374.95841
Austria,2012,Europe,Both sexes,11.78,48567.69529
Austria,2013,Europe,Both sexes,11.45,50716.70871
Austria,2014,Europe,Both sexes,12.04,51717.49594
Austria,2015,Europe,Both sexes,11.39,44178.04738
Austria,2016,Europe,Both sexes,11.13,45276.83144
Austria,2017,Europe,Both sexes,10.77,47309.36627
Austria,2018,Europe,Both sexes,11.19,51453.14702
Austria,2019,Europe,Both sexes,10.4,50121.55421
Azerbaijan,2009,Europe,Both sexes,4.64,4950.294791
Azerbaijan,2010,Europe,Both sexes,4.53,5843.533768
Azerbaijan,2011,Europe,Both sexes,4.44,7189.691229
Azerbaijan,2012,Europe,Both sexes,4.31,7496.294648
Azerbaijan,2013,Europe,Both sexes,4.19,7875.756953
Azerbaijan,2014,Europe,Both sexes,4.1,7891.313147
Azerbaijan,2015,Europe,Both sexes,3.99,5500.310382
Azerbaijan,2016,Europe,Both sexes,3.92,3880.738731
Azerbaijan,2017,Europe,Both sexes,3.91,4147.089716
Azerbaijan,2018,Europe,Both sexes,3.92,4739.84171
Azerbaijan,2019,Europe,Both sexes,3.97,4805.753718
Bahrain,2009,Eastern Mediterranean,Both sexes,7.65,19355.92101
Bahrain,2010,Eastern Mediterranean,Both sexes,7.16,20722.07049
Bahrain,2011,Eastern Mediterranean,Both sexes,6.88,22514.20272
Bahrain,2012,Eastern Mediterranean,Both sexes,6.44,23654.36959
Bahrain,2013,Eastern Mediterranean,Both sexes,6.15,24744.29696
Bahrain,2014,Eastern Mediterranean,Both sexes,6.37,24989.43753
Bahrain,2015,Eastern Mediterranean,Both sexes,6.32,22634.08565
Bahrain,2016,Eastern Mediterranean,Both sexes,6.48,22608.45256
Bahrain,2017,Eastern Mediterranean,Both sexes,6.73,23742.93734
Bahrain,2018,Eastern Mediterranean,Both sexes,7.04,23991.04139
Bahrain,2019,Eastern Mediterranean,Both sexes,7.2,23443.43483
Bangladesh,2009,South-East Asia,Both sexes,5.06,702.2644196
Bangladesh,2010,South-East Asia,Both sexes,4.82,781.1535777
Bangladesh,2011,South-East Asia,Both sexes,4.34,861.7621622
Bangladesh,2012,South-East Asia,Both sexes,4,883.1171296
Bangladesh,2013,South-East Asia,Both sexes,3.8,981.8608514
Bangladesh,2014,South-East Asia,Both sexes,3.73,1118.873808
Bangladesh,2015,South-East Asia,Both sexes,3.64,1248.45331
Bangladesh,2016,South-East Asia,Both sexes,3.6,1401.564635
Bangladesh,2017,South-East Asia,Both sexes,3.68,1563.767819
Bangladesh,2018,South-East Asia,Both sexes,3.75,1698.132081
Bangladesh,2019,South-East Asia,Both sexes,3.85,1855.69151
Barbados,2009,Americas,Both sexes,1.13,15885.41018
Barbados,2010,Americas,Both sexes,1.22,16056.37098
Barbados,2011,Americas,Both sexes,0.64,16458.35321
Barbados,2012,Americas,Both sexes,0.21,16249.67395
Barbados,2013,Americas,Both sexes,0.1,16451.27931
Barbados,2014,Americas,Both sexes,0.32,16489.07224
Barbados,2015,Americas,Both sexes,0.31,16524.8995
Barbados,2016,Americas,Both sexes,0.33,16900.04829
Barbados,2017,Americas,Both sexes,0.32,17391.66891
Barbados,2018,Americas,Both sexes,0.31,17745.25537
Barbados,2019,Americas,Both sexes,0.31,18148.49785
Belarus,2009,Europe,Both sexes,30.41,5351.355382
Belarus,2010,Europe,Both sexes,29.89,6029.3968
Belarus,2011,Europe,Both sexes,30.16,6519.230195
Belarus,2012,Europe,Both sexes,24.63,6940.159254
Belarus,2013,Europe,Both sexes,22.82,7978.872615
Belarus,2014,Europe,Both sexes,21.59,8318.51269
Belarus,2015,Europe,Both sexes,19.55,5949.106307
Belarus,2016,Europe,Both sexes,19.4,5022.626643
Belarus,2017,Europe,Both sexes,18.46,5761.74712
Belarus,2018,Europe,Both sexes,17.94,6330.075246
Belarus,2019,Europe,Both sexes,16.49,6839.103833
Belgium,2009,Europe,Both sexes,16.71,44583.54481
Belgium,2010,Europe,Both sexes,16.52,44141.87814
Belgium,2011,Europe,Both sexes,16.71,47348.52502
Belgium,2012,Europe,Both sexes,16.42,44673.11588
Belgium,2013,Europe,Both sexes,15.38,46744.66254
Belgium,2014,Europe,Both sexes,15.13,47700.54036
Belgium,2015,Europe,Both sexes,14.41,40991.80814
Belgium,2016,Europe,Both sexes,15.02,41984.10303
Belgium,2017,Europe,Both sexes,14.59,44089.31009
Belgium,2018,Europe,Both sexes,14.32,47554.74631
Belgium,2019,Europe,Both sexes,13.93,46414.43523
Belize,2009,Americas,Both sexes,7.48,4186.519984
Belize,2010,Americas,Both sexes,8.18,4270.780031
Belize,2011,Americas,Both sexes,7.92,4423.496842
Belize,2012,Americas,Both sexes,7.35,4505.600593
Belize,2013,Americas,Both sexes,6.83,4568.641228
Belize,2014,Americas,Both sexes,6.89,4718.436581
Belize,2015,Americas,Both sexes,6.87,4770.232656
Belize,2016,Americas,Both sexes,6.67,4856.973249
Belize,2017,Americas,Both sexes,7.71,4945.857699
Belize,2018,Americas,Both sexes,7.16,5001.422157
Belize,2019,Americas,Both sexes,7.65,5078.809944
Benin,2009,Africa,Both sexes,14.24,1088.757852
Benin,2010,Africa,Both sexes,14.14,1036.534594
Benin,2011,Africa,Both sexes,14.14,1130.27319
Benin,2012,Africa,Both sexes,13.94,1145.140019
Benin,2013,Africa,Both sexes,13.84,1251.209707
Benin,2014,Africa,Both sexes,13.65,1291.410107
Benin,2015,Africa,Both sexes,13.38,1076.796702
Benin,2016,Africa,Both sexes,13.27,1087.287304
Benin,2017,Africa,Both sexes,13.11,1136.59397
Benin,2018,Africa,Both sexes,12.97,1240.830962
Benin,2019,Africa,Both sexes,12.71,1219.515479
Bhutan,2009,South-East Asia,Both sexes,5.38,1819.19731
Bhutan,2010,South-East Asia,Both sexes,5.24,2258.186435
Bhutan,2011,South-East Asia,Both sexes,5.21,2563.261224
Bhutan,2012,South-East Asia,Both sexes,5.22,2538.949519
Bhutan,2013,South-East Asia,Both sexes,5.2,2472.724753
Bhutan,2014,South-East Asia,Both sexes,5.19,2652.225654
Bhutan,2015,South-East Asia,Both sexes,5.16,2752.630172
Bhutan,2016,South-East Asia,Both sexes,5.05,2930.574923
Bhutan,2017,South-East Asia,Both sexes,5.14,3286.596744
Bhutan,2018,South-East Asia,Both sexes,5.11,3243.477437
Bhutan,2019,South-East Asia,Both sexes,5.07,3316.167022
Bolivia,2009,Americas,Both sexes,6.99,1754.209464
Bolivia,2010,Americas,Both sexes,7,1955.460181
Bolivia,2011,Americas,Both sexes,7.05,2346.337844
Bolivia,2012,Americas,Both sexes,6.9,2609.880562
Bolivia,2013,Americas,Both sexes,6.87,2908.200371
Bolivia,2014,Americas,Both sexes,7.04,3081.878824
Bolivia,2015,Americas,Both sexes,7.2,3035.971655
Bolivia,2016,Americas,Both sexes,7.43,3076.656439
Bolivia,2017,Americas,Both sexes,7.17,3351.124344
Bolivia,2018,Americas,Both sexes,6.97,3548.59078
Bolivia,2019,Americas,Both sexes,6.82,3552.068144
Botswana,2009,Africa,Both sexes,32.13,5255.776533
Botswana,2010,Africa,Both sexes,31.2,6434.812485
Botswana,2011,Africa,Both sexes,29.09,7617.310041
Botswana,2012,Africa,Both sexes,28.99,7050.573472
Botswana,2013,Africa,Both sexes,27.75,7224.912737
Botswana,2014,Africa,Both sexes,25.35,7780.634758
Botswana,2015,Africa,Both sexes,24.55,6799.870178
Botswana,2016,Africa,Both sexes,22.9,7243.933974
Botswana,2017,Africa,Both sexes,22.32,7893.418671
Botswana,2018,Africa,Both sexes,22.06,8279.818457
Botswana,2019,Africa,Both sexes,20.22,7970.796968
Brazil,2009,Americas,Both sexes,5.19,8597.915485
Brazil,2010,Americas,Both sexes,5,11286.2429
Brazil,2011,Americas,Both sexes,5.19,13245.61203
Brazil,2012,Americas,Both sexes,5.29,12370.02445
Brazil,2013,Americas,Both sexes,5.41,12300.32482
Brazil,2014,Americas,Both sexes,5.4,12112.58767
Brazil,2015,Americas,Both sexes,5.6,8814.001418
Brazil,2016,Americas,Both sexes,5.67,8710.096774
Brazil,2017,Americas,Both sexes,6.19,9928.643063
Brazil,2018,Americas,Both sexes,6.51,9151.445253
Brazil,2019,Americas,Both sexes,6.41,8897.48777
Brunei Darussalam,2009,Western Pacific,Both sexes,1.58,27956.00514
Brunei Darussalam,2010,Western Pacific,Both sexes,1.14,35270.64214
Brunei Darussalam,2011,Western Pacific,Both sexes,1.66,47055.96064
Brunei Darussalam,2012,Western Pacific,Both sexes,2.18,47739.55769
Brunei Darussalam,2013,Western Pacific,Both sexes,1.82,44740.85942
Brunei Darussalam,2014,Western Pacific,Both sexes,1.7,41725.86752
Brunei Darussalam,2015,Western Pacific,Both sexes,1.63,31164.03625
Brunei Darussalam,2016,Western Pacific,Both sexes,2.38,27158.40565
Brunei Darussalam,2017,Western Pacific,Both sexes,3.25,28571.60829
Brunei Darussalam,2018,Western Pacific,Both sexes,3.04,31628.47626
Brunei Darussalam,2019,Western Pacific,Both sexes,2.54,31085.96189
Bulgaria,2009,Europe,Both sexes,8.51,6988.233325
Bulgaria,2010,Europe,Both sexes,8.45,6812.406338
Bulgaria,2011,Europe,Both sexes,7.9,7809.425062
Bulgaria,2012,Europe,Both sexes,8.75,7395.849803
Bulgaria,2013,Europe,Both sexes,7.35,7655.129708
Bulgaria,2014,Europe,Both sexes,7.13,7876.866465
Bulgaria,2015,Europe,Both sexes,6.77,7055.935673
Bulgaria,2016,Europe,Both sexes,6.57,7548.855007
Bulgaria,2017,Europe,Both sexes,6.65,8334.081728
Bulgaria,2018,Europe,Both sexes,6.6,9427.73043
Bulgaria,2019,Europe,Both sexes,6.5,9828.148515
Burkina Faso,2009,Africa,Both sexes,15.7,624.1751645
Burkina Faso,2010,Africa,Both sexes,15.82,647.8360955
Burkina Faso,2011,Africa,Both sexes,15.65,751.1727704
Burkina Faso,2012,Africa,Both sexes,16.11,758.000427
Burkina Faso,2013,Africa,Both sexes,16.09,787.4694383
Burkina Faso,2014,Africa,Both sexes,15.66,792.8462374
Burkina Faso,2015,Africa,Both sexes,15.44,653.3272681
Burkina Faso,2016,Africa,Both sexes,15.16,688.2506963
Burkina Faso,2017,Africa,Both sexes,14.85,734.996268
Burkina Faso,2018,Africa,Both sexes,14.68,813.0996894
Burkina Faso,2019,Africa,Both sexes,14.38,786.8954377
Burundi,2009,Africa,Both sexes,15.22,212.1370572
Burundi,2010,Africa,Both sexes,14.92,234.2355325
Burundi,2011,Africa,Both sexes,14.51,249.5779728
Burundi,2012,Africa,Both sexes,14.09,252.3588663
Burundi,2013,Africa,Both sexes,13.75,256.9756471
Burundi,2014,Africa,Both sexes,13.14,274.8578422
Burundi,2015,Africa,Both sexes,12.75,305.549646
Burundi,2016,Africa,Both sexes,12.61,282.1930285
Burundi,2017,Africa,Both sexes,12.46,292.9980095
Burundi,2018,Africa,Both sexes,12.31,271.7524964
Burundi,2019,Africa,Both sexes,12.12,261.2452912
Cabo Verde,2009,Africa,Both sexes,18.44,3517.430156
Cabo Verde,2010,Africa,Both sexes,18.44,3378.323433
Cabo Verde,2011,Africa,Both sexes,18.21,3740.374103
Cabo Verde,2012,Africa,Both sexes,17.98,3447.4831
Cabo Verde,2013,Africa,Both sexes,17.46,3616.03557
Cabo Verde,2014,Africa,Both sexes,16.91,3588.625584
Cabo Verde,2015,Africa,Both sexes,16.73,3043.031382
Cabo Verde,2016,Africa,Both sexes,16.53,3130.998753
Cabo Verde,2017,Africa,Both sexes,16.16,3292.633503
Cabo Verde,2018,Africa,Both sexes,15.96,3617.347445
Cabo Verde,2019,Africa,Both sexes,15.23,3603.775241
Cambodia,2009,Western Pacific,Both sexes,6.39,738.0547312
Cambodia,2010,Western Pacific,Both sexes,6.34,785.5026671
Cambodia,2011,Western Pacific,Both sexes,6.22,882.275614
Cambodia,2012,Western Pacific,Both sexes,6.12,950.880346
Cambodia,2013,Western Pacific,Both sexes,5.96,1013.420536
Cambodia,2014,Western Pacific,Both sexes,5.8,1093.495976
Cambodia,2015,Western Pacific,Both sexes,5.75,1162.904995
Cambodia,2016,Western Pacific,Both sexes,5.75,1269.591499
Cambodia,2017,Western Pacific,Both sexes,5.64,1385.260066
Cambodia,2018,Western Pacific,Both sexes,5.59,1512.126989
Cambodia,2019,Western Pacific,Both sexes,5.49,1643.121389
Cameroon,2009,Africa,Both sexes,19.97,1319.99742
Cameroon,2010,Africa,Both sexes,19.51,1286.515888
Cameroon,2011,Africa,Both sexes,19.41,1405.094123
Cameroon,2012,Africa,Both sexes,19.15,1354.54555
Cameroon,2013,Africa,Both sexes,18.71,1465.63871
Cameroon,2014,Africa,Both sexes,17.94,1542.620606
Cameroon,2015,Africa,Both sexes,17.09,1327.502561
Cameroon,2016,Africa,Both sexes,16.62,1364.32954
Cameroon,2017,Africa,Both sexes,16.15,1425.106368
Cameroon,2018,Africa,Both sexes,15.93,1534.492241
Cameroon,2019,Africa,Both sexes,15.92,1507.449798
Canada,2009,Americas,Both sexes,10.24,40876.31015
Canada,2010,Americas,Both sexes,10.26,47562.08343
Canada,2011,Americas,Both sexes,9.63,52223.69611
Canada,2012,Americas,Both sexes,10.07,52669.08996
Canada,2013,Americas,Both sexes,10.19,52635.17496
Canada,2014,Americas,Both sexes,10.86,50955.99832
Canada,2015,Americas,Both sexes,11.16,43596.13554
Canada,2016,Americas,Both sexes,10.37,42315.60371
Canada,2017,Americas,Both sexes,11.68,45129.35644
Canada,2018,Americas,Both sexes,10.5,46454.74339
Canada,2019,Americas,Both sexes,10.34,46326.67264
Chad,2009,Africa,Both sexes,15.8,803.6863884
Chad,2010,Africa,Both sexes,15.97,892.5688697
Chad,2011,Africa,Both sexes,15.89,984.7361305
Chad,2012,Africa,Both sexes,15.6,967.3529488
Chad,2013,Africa,Both sexes,15.13,979.8117426
Chad,2014,Africa,Both sexes,14.6,1020.287979
Chad,2015,Africa,Both sexes,13.97,776.0197523
Chad,2016,Africa,Both sexes,13.68,693.4497674
Chad,2017,Africa,Both sexes,13.77,665.9488849
Chad,2018,Africa,Both sexes,13.57,726.1510071
Chad,2019,Africa,Both sexes,13.22,709.5400432
Chile,2009,Americas,Both sexes,12.12,10208.90797
Chile,2010,Americas,Both sexes,11.01,12808.03834
Chile,2011,Americas,Both sexes,11,14637.23344
Chile,2012,Americas,Both sexes,9.86,15351.54074
Chile,2013,Americas,Both sexes,9.15,15842.93648
Chile,2014,Americas,Both sexes,9.13,14670.98891
Chile,2015,Americas,Both sexes,9.17,13574.16924
Chile,2016,Americas,Both sexes,9.18,13753.59215
Chile,2017,Americas,Both sexes,8.39,14998.81706
Chile,2018,Americas,Both sexes,7.96,15888.14436
Chile,2019,Americas,Both sexes,8.04,14741.7144
China,2009,Western Pacific,Both sexes,10.09,3832.236432
China,2010,Western Pacific,Both sexes,9.59,4550.453108
China,2011,Western Pacific,Both sexes,8.84,5618.132267
China,2012,Western Pacific,Both sexes,8.14,6316.918318
China,2013,Western Pacific,Both sexes,7.65,7050.646271
China,2014,Western Pacific,Both sexes,7.35,7678.599486
China,2015,Western Pacific,Both sexes,7.08,8066.942635
China,2016,Western Pacific,Both sexes,6.99,8147.937705
China,2017,Western Pacific,Both sexes,6.89,8879.438667
China,2018,Western Pacific,Both sexes,6.81,9976.677137
China,2019,Western Pacific,Both sexes,6.67,10216.63033
Colombia,2009,Americas,Both sexes,4.15,5193.241458
Colombia,2010,Americas,Both sexes,3.85,6336.709474
Colombia,2011,Americas,Both sexes,3.67,7335.166934
Colombia,2012,Americas,Both sexes,3.81,8050.255372
Colombia,2013,Americas,Both sexes,3.62,8218.347844
Colombia,2014,Americas,Both sexes,3.69,8114.343921
Colombia,2015,Americas,Both sexes,4.04,6175.87603
Colombia,2016,Americas,Both sexes,4.11,5870.777957
Colombia,2017,Americas,Both sexes,4.5,6376.706716
Colombia,2018,Americas,Both sexes,3.87,6729.583332
Colombia,2019,Americas,Both sexes,3.74,6424.979492
Comoros,2009,Africa,Both sexes,8.55,1344.730406
Comoros,2010,Africa,Both sexes,9.01,1316.491225
Comoros,2011,Africa,Both sexes,8.53,1447.94527
Comoros,2012,Africa,Both sexes,8.62,1403.360421
Comoros,2013,Africa,Both sexes,8.51,1505.33722
Comoros,2014,Africa,Both sexes,8.87,1513.83039
Comoros,2015,Africa,Both sexes,8.8,1242.585682
Comoros,2016,Africa,Both sexes,8.72,1273.05092
Comoros,2017,Africa,Both sexes,8.58,1323.814958
Comoros,2018,Africa,Both sexes,8.48,1415.955164
Comoros,2019,Africa,Both sexes,8.46,1370.140123
Costa Rica,2009,Americas,Both sexes,5.55,6801.036735
Costa Rica,2010,Americas,Both sexes,6.76,8227.127494
Costa Rica,2011,Americas,Both sexes,6.7,9229.834517
Costa Rica,2012,Americas,Both sexes,6.34,10075.00462
Costa Rica,2013,Americas,Both sexes,6.42,10744.09102
Costa Rica,2014,Americas,Both sexes,5.35,10847.16967
Costa Rica,2015,Americas,Both sexes,6.41,11642.77805
Costa Rica,2016,Americas,Both sexes,7.29,12011.22275
Costa Rica,2017,Americas,Both sexes,5.79,12225.57449
Costa Rica,2018,Americas,Both sexes,6.79,12468.57529
Costa Rica,2019,Americas,Both sexes,7.62,12669.70608
Croatia,2009,Europe,Both sexes,13.24,14540.6416
Croatia,2010,Europe,Both sexes,13.2,13949.3265
Croatia,2011,Europe,Both sexes,11.76,14609.52435
Croatia,2012,Europe,Both sexes,13.11,13258.35985
Croatia,2013,Europe,Both sexes,12.31,13674.4178
Croatia,2014,Europe,Both sexes,12.4,13599.40978
Croatia,2015,Europe,Both sexes,12.15,11781.73479
Croatia,2016,Europe,Both sexes,11.48,12361.48383
Croatia,2017,Europe,Both sexes,10.87,13451.62495
Croatia,2018,Europe,Both sexes,11.1,15014.08502
Croatia,2019,Europe,Both sexes,11.01,14944.35622
Cuba,2009,Americas,Both sexes,11.08,5529.669375
Cuba,2010,Americas,Both sexes,11.45,5730.354264
Cuba,2011,Americas,Both sexes,11.13,6139.718783
Cuba,2012,Americas,Both sexes,10.74,6497.314764
Cuba,2013,Americas,Both sexes,10.64,6837.71168
Cuba,2014,Americas,Both sexes,10.23,7133.337679
Cuba,2015,Americas,Both sexes,10.36,7694.014637
Cuba,2016,Americas,Both sexes,9.73,8060.796598
Cuba,2017,Americas,Both sexes,10.53,8541.213686
Cuba,2018,Americas,Both sexes,10.17,8824.194008
Cuba,2019,Americas,Both sexes,10.19,9099.673146
Cyprus,2009,Europe,Both sexes,3.99,32109.24251
Cyprus,2010,Europe,Both sexes,4.63,31023.63833
Cyprus,2011,Europe,Both sexes,3.7,32396.38574
Cyprus,2012,Europe,Both sexes,4.9,28912.15694
Cyprus,2013,Europe,Both sexes,5.1,27729.1927
Cyprus,2014,Europe,Both sexes,4.77,27163.33297
Cyprus,2015,Europe,Both sexes,4.17,23408.33668
Cyprus,2016,Europe,Both sexes,4.15,24605.92083
Cyprus,2017,Europe,Both sexes,3.28,26444.07438
Cyprus,2018,Europe,Both sexes,3.64,29089.47133
Cyprus,2019,Europe,Both sexes,3.18,28288.46158
Denmark,2009,Europe,Both sexes,9.81,58163.27688
Denmark,2010,Europe,Both sexes,8.92,58041.39844
Denmark,2011,Europe,Both sexes,9.67,61753.64713
Denmark,2012,Europe,Both sexes,9.82,58507.50805
Denmark,2013,Europe,Both sexes,8.98,61191.1937
Denmark,2014,Europe,Both sexes,9.09,62548.98473
Denmark,2015,Europe,Both sexes,8.07,53254.85637
Denmark,2016,Europe,Both sexes,8.24,54663.99837
Denmark,2017,Europe,Both sexes,8.28,57610.09818
Denmark,2018,Europe,Both sexes,8.18,61598.5367
Denmark,2019,Europe,Both sexes,7.63,60213.09215
Djibouti,2009,Eastern Mediterranean,Both sexes,11.47,1267.317394
Djibouti,2010,Eastern Mediterranean,Both sexes,11.72,1343.275125
Djibouti,2011,Eastern Mediterranean,Both sexes,11.84,1451.548081
Djibouti,2012,Eastern Mediterranean,Both sexes,11.9,1559.240651
Djibouti,2013,Eastern Mediterranean,Both sexes,12.13,2312.720948
Djibouti,2014,Eastern Mediterranean,Both sexes,12.19,2464.297678
Djibouti,2015,Eastern Mediterranean,Both sexes,11.89,2658.964207
Djibouti,2016,Eastern Mediterranean,Both sexes,12.08,2802.181971
Djibouti,2017,Eastern Mediterranean,Both sexes,12.32,2914.374595
Djibouti,2018,Eastern Mediterranean,Both sexes,12.17,3141.879389
Djibouti,2019,Eastern Mediterranean,Both sexes,11.95,3414.935393
Ecuador,2009,Americas,Both sexes,10.76,4231.619235
Ecuador,2010,Americas,Both sexes,10.18,4633.591284
Ecuador,2011,Americas,Both sexes,10.01,5200.555108
Ecuador,2012,Americas,Both sexes,10.26,5682.046108
Ecuador,2013,Americas,Both sexes,9.68,6056.331213
Ecuador,2014,Americas,Both sexes,8.9,6377.093929
Ecuador,2015,Americas,Both sexes,8.88,6124.490887
Ecuador,2016,Americas,Both sexes,9.06,6060.092962
Ecuador,2017,Americas,Both sexes,9.26,6213.503127
Ecuador,2018,Americas,Both sexes,8.12,6295.934662
Ecuador,2019,Americas,Both sexes,7.68,6222.524653
El Salvador,2009,Americas,Both sexes,8.95,2858.483344
El Salvador,2010,Americas,Both sexes,6.4,2983.228806
El Salvador,2011,Americas,Both sexes,8.02,3266.012588
El Salvador,2012,Americas,Both sexes,6.97,3428.409332
El Salvador,2013,Americas,Both sexes,6.72,3509.528132
El Salvador,2014,Americas,Both sexes,5.96,3589.041296
El Salvador,2015,Americas,Both sexes,6.78,3705.579704
El Salvador,2016,Americas,Both sexes,5.77,3805.995686
El Salvador,2017,Americas,Both sexes,6.16,3910.255969
El Salvador,2018,Americas,Both sexes,6.07,4052.624775
El Salvador,2019,Americas,Both sexes,6.11,4167.730939
Equatorial Guinea,2009,Africa,Both sexes,13.89,16668.1217
Equatorial Guinea,2010,Africa,Both sexes,15.27,17288.8426
Equatorial Guinea,2011,Africa,Both sexes,16.64,21641.6939
Equatorial Guinea,2012,Africa,Both sexes,15.53,21711.15159
Equatorial Guinea,2013,Africa,Both sexes,13.76,20390.73727
Equatorial Guinea,2014,Africa,Both sexes,14.22,19394.08066
Equatorial Guinea,2015,Africa,Both sexes,15.33,11283.39805
Equatorial Guinea,2016,Africa,Both sexes,14.97,9250.316493
Equatorial Guinea,2017,Africa,Both sexes,13.16,9667.857801
Equatorial Guinea,2018,Africa,Both sexes,14.06,10005.61679
Equatorial Guinea,2019,Africa,Both sexes,13.51,8419.933336
Eritrea,2009,Africa,Both sexes,20.86,595.1099872
Eritrea,2010,Africa,Both sexes,20.53,501.355317
Eritrea,2011,Africa,Both sexes,20.16,642.5082588
Estonia,2009,Europe,Both sexes,19.21,14794.9711
Estonia,2010,Europe,Both sexes,15.42,14784.38466
Estonia,2011,Europe,Both sexes,14.75,17624.04456
Estonia,2012,Europe,Both sexes,17.15,17534.42135
Estonia,2013,Europe,Both sexes,14.9,19174.10033
Estonia,2014,Europe,Both sexes,16.16,20367.10316
Estonia,2015,Europe,Both sexes,13.36,17522.23019
Estonia,2016,Europe,Both sexes,12.49,18437.25282
Estonia,2017,Europe,Both sexes,15.17,20407.92738
Estonia,2018,Europe,Both sexes,11.56,23159.39249
Estonia,2019,Europe,Both sexes,11.96,23717.79945
Eswatini,2009,Africa,Both sexes,75.15,3385.858935
Eswatini,2010,Africa,Both sexes,70.49,4168.489518
Eswatini,2011,Africa,Both sexes,65.99,4496.612962
Eswatini,2012,Africa,Both sexes,66.26,4527.681573
Eswatini,2013,Africa,Both sexes,62.02,4230.328486
Eswatini,2014,Africa,Both sexes,54.63,4038.55354
Eswatini,2015,Africa,Both sexes,49.19,3679.819798
Eswatini,2016,Africa,Both sexes,46.24,3425.528759
Eswatini,2017,Africa,Both sexes,42.91,3914.421839
Eswatini,2018,Africa,Both sexes,40.13,4105.897212
Eswatini,2019,Africa,Both sexes,40.46,3894.66963
Ethiopia,2009,Africa,Both sexes,13.67,380.5690032
Ethiopia,2010,Africa,Both sexes,13.1,341.5541227
Ethiopia,2011,Africa,Both sexes,12.38,354.4795719
Ethiopia,2012,Africa,Both sexes,11.34,467.0778718
Ethiopia,2013,Africa,Both sexes,10.43,499.5315302
Ethiopia,2014,Africa,Both sexes,10.02,566.9264029
Ethiopia,2015,Africa,Both sexes,9.98,640.5419231
Ethiopia,2016,Africa,Both sexes,9.78,717.1248698
Ethiopia,2017,Africa,Both sexes,9.63,768.5230154
Ethiopia,2018,Africa,Both sexes,9.54,771.5248663
Ethiopia,2019,Africa,Both sexes,9.45,855.7608852
Fiji,2009,Western Pacific,Both sexes,10.16,3362.820495
Fiji,2010,Western Pacific,Both sexes,10.12,3652.535933
Fiji,2011,Western Pacific,Both sexes,10.33,4371.447385
Fiji,2012,Western Pacific,Both sexes,10.5,4591.577015
Fiji,2013,Western Pacific,Both sexes,10.51,4840.72727
Fiji,2014,Western Pacific,Both sexes,10.27,5605.609148
Fiji,2015,Western Pacific,Both sexes,10.01,5390.714207
Fiji,2016,Western Pacific,Both sexes,10.03,5651.272721
Fiji,2017,Western Pacific,Both sexes,9.91,6101.02389
Fiji,2018,Western Pacific,Both sexes,9.72,6317.437799
Fiji,2019,Western Pacific,Both sexes,9.51,6175.874841
Finland,2009,Europe,Both sexes,17.89,47293.99283
Finland,2010,Europe,Both sexes,16.44,46459.97325
Finland,2011,Europe,Both sexes,15.68,51081.99767
Finland,2012,Europe,Both sexes,14.91,47710.79022
Finland,2013,Europe,Both sexes,15.04,49878.04324
Finland,2014,Europe,Both sexes,13.65,50260.29986
Finland,2015,Europe,Both sexes,12.15,42784.69836
Finland,2016,Europe,Both sexes,13.26,43784.28396
Finland,2017,Europe,Both sexes,14.4,46297.49635
Finland,2018,Europe,Both sexes,14.41,50013.2942
Finland,2019,Europe,Both sexes,13.43,48711.56421
France,2009,Europe,Both sexes,14.08,41575.42196
France,2010,Europe,Both sexes,13.89,40638.33525
France,2011,Europe,Both sexes,13.59,43790.72602
France,2012,Europe,Both sexes,13.36,40874.70039
France,2013,Europe,Both sexes,12.5,42592.93539
France,2014,Europe,Both sexes,11.45,43011.2631
France,2015,Europe,Both sexes,11.48,36638.18493
France,2016,Europe,Both sexes,10.7,37037.37419
France,2017,Europe,Both sexes,10.4,38685.25849
France,2018,Europe,Both sexes,10.05,41526.41466
France,2019,Europe,Both sexes,9.65,40380.09877
Gabon,2009,Africa,Both sexes,15.89,7721.018953
Gabon,2010,Africa,Both sexes,15.77,8849.322608
Gabon,2011,Africa,Both sexes,15.78,10809.68495
Gabon,2012,Africa,Both sexes,13.97,9813.505747
Gabon,2013,Africa,Both sexes,13.57,9683.58162
Gabon,2014,Africa,Both sexes,15.39,9663.42411
Gabon,2015,Africa,Both sexes,15.17,7384.700704
Gabon,2016,Africa,Both sexes,14.55,6984.419712
Gabon,2017,Africa,Both sexes,13.85,7230.434912
Gabon,2018,Africa,Both sexes,13.56,7956.627816
Gabon,2019,Africa,Both sexes,13.11,7767.016979
Georgia,2009,Europe,Both sexes,7.36,2822.66743
Georgia,2010,Europe,Both sexes,6.98,3233.295943
Georgia,2011,Europe,Both sexes,7.2,4021.743306
Georgia,2012,Europe,Both sexes,7.65,4421.818242
Georgia,2013,Europe,Both sexes,8.17,4623.745725
Georgia,2014,Europe,Both sexes,8.58,4739.188338
Georgia,2015,Europe,Both sexes,8.79,4014.185944
Georgia,2016,Europe,Both sexes,9.03,4062.169888
Georgia,2017,Europe,Both sexes,8.07,4357.000936
Georgia,2018,Europe,Both sexes,7.85,4722.787783
Georgia,2019,Europe,Both sexes,7.65,4697.983652
Germany,2009,Europe,Both sexes,9.13,41485.90165
Germany,2010,Europe,Both sexes,9.5,41531.9342
Germany,2011,Europe,Both sexes,9.25,46644.77603
Germany,2012,Europe,Both sexes,8.98,43858.36306
Germany,2013,Europe,Both sexes,9.22,46285.76407
Germany,2014,Europe,Both sexes,9.19,47959.99327
Germany,2015,Europe,Both sexes,9,41086.72967
Germany,2016,Europe,Both sexes,8.82,42107.51727
Germany,2017,Europe,Both sexes,8.34,44442.77184
Germany,2018,Europe,Both sexes,8.46,47787.16051
Germany,2019,Europe,Both sexes,8.27,46467.5162
Ghana,2009,Africa,Both sexes,13.03,1077.662058
Ghana,2010,Africa,Both sexes,13.26,1299.345212
Ghana,2011,Africa,Both sexes,13.11,1549.462719
Ghana,2012,Africa,Both sexes,12.99,1587.560932
Ghana,2013,Africa,Both sexes,12.79,2361.090324
Ghana,2014,Africa,Both sexes,12.4,1899.668336
Ghana,2015,Africa,Both sexes,12.02,1705.575082
Ghana,2016,Africa,Both sexes,11.74,1913.473536
Ghana,2017,Africa,Both sexes,11.31,2020.68179
Ghana,2018,Africa,Both sexes,10.79,2194.232477
Ghana,2019,Africa,Both sexes,10.54,2210.355923
Greece,2009,Europe,Both sexes,2.87,29710.97023
Greece,2010,Europe,Both sexes,2.72,26690.60742
Greece,2011,Europe,Both sexes,3.51,25450.53412
Greece,2012,Europe,Both sexes,3.73,21915.19132
Greece,2013,Europe,Both sexes,3.96,21749.15248
Greece,2014,Europe,Both sexes,4.04,21601.7764
Greece,2015,Europe,Both sexes,3.78,18050.09761
Greece,2016,Europe,Both sexes,3.42,17885.39281
Greece,2017,Europe,Both sexes,3.79,18562.22943
Greece,2018,Europe,Both sexes,3.65,19765.99645
Greece,2019,Europe,Both sexes,3.62,19150.7862
Grenada,2009,Americas,Both sexes,0.52,7290.834938
Grenada,2010,Americas,Both sexes,0.73,7258.166561
Grenada,2011,Americas,Both sexes,1.57,7291.74167
Grenada,2012,Americas,Both sexes,1.64,7444.089075
Grenada,2013,Americas,Both sexes,1.12,7789.632355
Grenada,2014,Americas,Both sexes,0.45,8370.040472
Grenada,2015,Americas,Both sexes,0.62,9096.538652
Grenada,2016,Americas,Both sexes,0.91,9628.172843
Grenada,2017,Americas,Both sexes,0.67,10152.83281
Grenada,2018,Americas,Both sexes,0.35,10486.37759
Grenada,2019,Americas,Both sexes,0.64,10815.91136
Guatemala,2009,Americas,Both sexes,9.46,2651.817123
Guatemala,2010,Americas,Both sexes,8.66,2852.547327
Guatemala,2011,Americas,Both sexes,7.63,3228.045741
Guatemala,2012,Americas,Both sexes,7.01,3355.036919
Guatemala,2013,Americas,Both sexes,6.67,3522.773706
Guatemala,2014,Americas,Both sexes,6.41,3779.642336
Guatemala,2015,Americas,Both sexes,6.4,3994.636913
Guatemala,2016,Americas,Both sexes,6.21,4173.301666
Guatemala,2017,Americas,Both sexes,6.01,4454.04815
Guatemala,2018,Americas,Both sexes,6.31,4478.424646
Guatemala,2019,Americas,Both sexes,6.23,4638.634943
Guinea,2009,Africa,Both sexes,11.88,674.0854826
Guinea,2009,Western Pacific,Both sexes,3.15,674.0854826
Guinea,2010,Africa,Both sexes,12.47,672.4249304
Guinea,2010,Western Pacific,Both sexes,3.29,672.4249304
Guinea,2011,Africa,Both sexes,12.78,651.1361134
Guinea,2011,Western Pacific,Both sexes,3.29,651.1361134
Guinea,2012,Western Pacific,Both sexes,3.45,717.0505359
Guinea,2012,Africa,Both sexes,12.91,717.0505359
Guinea,2013,Western Pacific,Both sexes,3.43,769.0031667
Guinea,2013,Africa,Both sexes,13.2,769.0031667
Guinea,2014,Western Pacific,Both sexes,3.62,787.2385644
Guinea,2014,Africa,Both sexes,12.97,787.2385644
Guinea,2015,Africa,Both sexes,12.99,769.2554754
Guinea,2015,Western Pacific,Both sexes,3.65,769.2554754
Guinea,2016,Africa,Both sexes,12.79,732.2915119
Guinea,2016,Western Pacific,Both sexes,3.64,732.2915119
Guinea,2017,Western Pacific,Both sexes,3.5,855.5752706
Guinea,2017,Africa,Both sexes,12.47,855.5752706
Guinea,2018,Africa,Both sexes,12.24,955.1112811
Guinea,2018,Western Pacific,Both sexes,3.51,955.1112811
Guinea,2019,Africa,Both sexes,12.33,1058.143368
Guinea,2019,Western Pacific,Both sexes,3.57,1058.143368
Guinea-Bissau,2009,Africa,Both sexes,15.64,559.4145709
Guinea-Bissau,2010,Africa,Both sexes,15.39,558.1746681
Guinea-Bissau,2011,Africa,Both sexes,15.08,703.6605673
Guinea-Bissau,2012,Africa,Both sexes,14.69,616.375664
Guinea-Bissau,2013,Africa,Both sexes,14.79,634.6620391
Guinea-Bissau,2014,Africa,Both sexes,14.13,623.3130914
Guinea-Bissau,2015,Africa,Both sexes,13.08,603.3993815
Guinea-Bissau,2016,Africa,Both sexes,13.15,661.4578387
Guinea-Bissau,2017,Africa,Both sexes,13.09,738.5499449
Guinea-Bissau,2018,Africa,Both sexes,12.9,802.7673851
Guinea-Bissau,2019,Africa,Both sexes,12.38,749.453747
Guyana,2009,Americas,Both sexes,36.31,4233.76442
Guyana,2010,Americas,Both sexes,36.37,4580.699136
Guyana,2011,Americas,Both sexes,35.31,4908.567014
Guyana,2012,Americas,Both sexes,37.62,5378.81197
Guyana,2013,Americas,Both sexes,40.71,5489.142758
Guyana,2014,Americas,Both sexes,39.52,5407.153711
Guyana,2015,Americas,Both sexes,39.3,5576.82607
Guyana,2016,Americas,Both sexes,39.65,5811.397924
Guyana,2017,Americas,Both sexes,39.86,6124.95367
Guyana,2018,Americas,Both sexes,40.41,6145.818743
Guyana,2019,Americas,Both sexes,40.85,6609.510431
Haiti,2009,Americas,Both sexes,12.76,1150.211089
Haiti,2010,Americas,Both sexes,13.2,1172.099015
Haiti,2011,Americas,Both sexes,12.46,1287.954058
Haiti,2012,Americas,Both sexes,12.18,1337.336475
Haiti,2013,Americas,Both sexes,12.03,1393.956085
Haiti,2014,Americas,Both sexes,12,1402.100289
Haiti,2015,Americas,Both sexes,11.97,1389.119779
Haiti,2016,Americas,Both sexes,11.64,1265.986932
Haiti,2017,Americas,Both sexes,11.45,1294.239628
Haiti,2018,Americas,Both sexes,11.37,1435.350852
Haiti,2019,Americas,Both sexes,11.17,1272.490699
Honduras,2009,Americas,Both sexes,2.72,1789.705553
Honduras,2010,Americas,Both sexes,2.66,1904.347152
Honduras,2011,Americas,Both sexes,2.59,2088.315547
Honduras,2012,Americas,Both sexes,3.95,2144.342363
Honduras,2013,Americas,Both sexes,3.9,2102.592449
Honduras,2014,Americas,Both sexes,4.07,2206.054397
Honduras,2015,Americas,Both sexes,4.57,2302.204411
Honduras,2016,Americas,Both sexes,2.66,2342.584904
Honduras,2017,Americas,Both sexes,2.71,2453.727115
Honduras,2018,Americas,Both sexes,2.6,2510.322943
Honduras,2019,Americas,Both sexes,2.58,2574.356751
Hungary,2009,Europe,Both sexes,19.54,13046.48101
Hungary,2010,Europe,Both sexes,19.17,13191.62126
Hungary,2011,Europe,Both sexes,18.95,14216.16561
Hungary,2012,Europe,Both sexes,18.37,12950.68652
Hungary,2013,Europe,Both sexes,16.14,13687.51406
Hungary,2014,Europe,Both sexes,14.96,14267.01215
Hungary,2015,Europe,Both sexes,14.6,12706.89121
Hungary,2016,Europe,Both sexes,13.34,13090.50673
Hungary,2017,Europe,Both sexes,12.62,14605.85435
Hungary,2018,Europe,Both sexes,12.58,16411.44111
Hungary,2019,Europe,Both sexes,11.77,16733.32217
Iceland,2009,Europe,Both sexes,12.88,41301.27322
Iceland,2010,Europe,Both sexes,11.79,43237.07295
Iceland,2011,Europe,Both sexes,10.69,47714.59223
Iceland,2012,Europe,Both sexes,12.53,45995.54788
Iceland,2013,Europe,Both sexes,12.45,49804.983
Iceland,2014,Europe,Both sexes,14.37,54576.74481
Iceland,2015,Europe,Both sexes,13.17,52951.68151
Iceland,2016,Europe,Both sexes,12.26,61987.92636
Iceland,2017,Europe,Both sexes,11.66,72010.14903
Iceland,2018,Europe,Both sexes,10.12,74348.36228
Iceland,2019,Europe,Both sexes,11.15,68883.14877
India,2009,South-East Asia,Both sexes,15.59,1101.960838
India,2010,South-East Asia,Both sexes,15.56,1357.563727
India,2011,South-East Asia,Both sexes,15.5,1458.104066
India,2012,South-East Asia,Both sexes,15.07,1443.882435
India,2013,South-East Asia,Both sexes,14.45,1449.610451
India,2014,South-East Asia,Both sexes,13.49,1573.885642
India,2015,South-East Asia,Both sexes,12.92,1605.605445
India,2016,South-East Asia,Both sexes,12.6,1732.554242
India,2017,South-East Asia,Both sexes,12.48,1980.66702
India,2018,South-East Asia,Both sexes,12.88,1996.915087
India,2019,South-East Asia,Both sexes,12.91,2100.751461
Indonesia,2009,South-East Asia,Both sexes,2.98,2261.247309
Indonesia,2010,South-East Asia,Both sexes,2.92,3122.362673
Indonesia,2011,South-East Asia,Both sexes,2.85,3643.047176
Indonesia,2012,South-East Asia,Both sexes,2.76,3694.35934
Indonesia,2013,South-East Asia,Both sexes,2.69,3623.927241
Indonesia,2014,South-East Asia,Both sexes,2.62,3491.637491
Indonesia,2015,South-East Asia,Both sexes,2.57,3331.695115
Indonesia,2016,South-East Asia,Both sexes,2.58,3562.816334
Indonesia,2017,South-East Asia,Both sexes,2.58,3837.578024
Indonesia,2018,South-East Asia,Both sexes,2.56,3893.859578
Indonesia,2019,South-East Asia,Both sexes,2.55,4135.201531
Iraq,2009,Eastern Mediterranean,Both sexes,5.13,3853.82862
Iraq,2010,Eastern Mediterranean,Both sexes,5.34,4657.280269
Iraq,2011,Eastern Mediterranean,Both sexes,5.52,6045.494567
Iraq,2012,Eastern Mediterranean,Both sexes,5.58,6836.073995
Iraq,2013,Eastern Mediterranean,Both sexes,5.7,7076.552265
Iraq,2014,Eastern Mediterranean,Both sexes,5.49,6637.684375
Iraq,2015,Eastern Mediterranean,Both sexes,5.4,4688.318017
Iraq,2016,Eastern Mediterranean,Both sexes,5.33,4550.658638
Iraq,2017,Eastern Mediterranean,Both sexes,5.17,5076.690795
Iraq,2018,Eastern Mediterranean,Both sexes,4.88,5523.078375
Iraq,2019,Eastern Mediterranean,Both sexes,4.74,5658.492267
Ireland,2009,Europe,Both sexes,13.3,52008.72824
Ireland,2010,Europe,Both sexes,11.17,48698.16532
Ireland,2011,Europe,Both sexes,11.83,51886.50849
Ireland,2012,Europe,Both sexes,11.67,48914.61753
Ireland,2013,Europe,Both sexes,10.5,51577.27936
Ireland,2014,Europe,Both sexes,10.5,55586.9626
Ireland,2015,Europe,Both sexes,8.71,62000.11881
Ireland,2016,Europe,Both sexes,9.37,62993.7451
Ireland,2017,Europe,Both sexes,9.33,70413.12183
Ireland,2018,Europe,Both sexes,9.17,79297.7292
Ireland,2019,Europe,Both sexes,8.9,80778.82961
Israel,2009,Europe,Both sexes,5.91,27719.79499
Israel,2010,Europe,Both sexes,6.56,30694.16768
Israel,2011,Europe,Both sexes,5.45,33610.69403
Israel,2012,Europe,Both sexes,5.99,32510.3453
Israel,2013,Europe,Both sexes,5.06,36316.47837
Israel,2014,Europe,Both sexes,5.03,37738.41607
Israel,2015,Europe,Both sexes,4.45,35813.71341
Israel,2016,Europe,Both sexes,5.03,37282.53056
Israel,2017,Europe,Both sexes,4.96,40474.66813
Israel,2018,Europe,Both sexes,5.26,41704.82857
Israel,2019,Europe,Both sexes,5.15,43588.71315
Italy,2009,Europe,Both sexes,4.87,37079.75867
Italy,2010,Europe,Both sexes,4.82,36000.52012
Italy,2011,Europe,Both sexes,5.13,38599.06221
Italy,2012,Europe,Both sexes,5.36,35053.52624
Italy,2013,Europe,Both sexes,5.27,35549.9747
Italy,2014,Europe,Both sexes,5.03,35518.41529
Italy,2015,Europe,Both sexes,4.83,30230.2263
Italy,2016,Europe,Both sexes,4.35,30939.71425
Italy,2017,Europe,Both sexes,4.84,32326.67421
Italy,2018,Europe,Both sexes,4.42,34608.6756
Italy,2019,Europe,Both sexes,4.33,33566.7873
Jamaica,2009,Americas,Both sexes,2.39,4335.178411
Jamaica,2010,Americas,Both sexes,1.97,4704.04776
Jamaica,2011,Americas,Both sexes,2.28,5111.465987
Jamaica,2012,Americas,Both sexes,2.09,5209.859264
Jamaica,2013,Americas,Both sexes,2.01,4989.734089
Jamaica,2014,Americas,Both sexes,2.18,4834.284009
Jamaica,2015,Americas,Both sexes,2.17,4907.927415
Jamaica,2016,Americas,Both sexes,2.18,4843.7499
Jamaica,2017,Americas,Both sexes,2.19,5070.099503
Jamaica,2018,Americas,Both sexes,2.21,5359.993789
Jamaica,2019,Americas,Both sexes,2.28,5369.498371
Japan,2009,Western Pacific,Both sexes,19.49,40855.17564
Japan,2010,Western Pacific,Both sexes,18.81,44507.67639
Japan,2011,Western Pacific,Both sexes,18.43,48167.99727
Japan,2012,Western Pacific,Both sexes,17.02,48603.47665
Japan,2013,Western Pacific,Both sexes,16.69,40454.44746
Japan,2014,Western Pacific,Both sexes,15.78,38109.41211
Japan,2015,Western Pacific,Both sexes,14.89,34524.46986
Japan,2016,Western Pacific,Both sexes,13.75,38761.81815
Japan,2017,Western Pacific,Both sexes,13.51,38386.51115
Japan,2018,Western Pacific,Both sexes,13.37,39159.42356
Japan,2019,Western Pacific,Both sexes,12.24,40113.06097
Jordan,2009,Eastern Mediterranean,Both sexes,2.09,3559.692102
Jordan,2010,Eastern Mediterranean,Both sexes,2.02,3736.645462
Jordan,2011,Eastern Mediterranean,Both sexes,1.98,3852.890025
Jordan,2012,Eastern Mediterranean,Both sexes,1.96,3910.346894
Jordan,2013,Eastern Mediterranean,Both sexes,1.89,4044.426869
Jordan,2014,Eastern Mediterranean,Both sexes,1.86,4131.44735
Jordan,2015,Eastern Mediterranean,Both sexes,1.85,4164.108769
Jordan,2016,Eastern Mediterranean,Both sexes,1.86,4175.356602
Jordan,2017,Eastern Mediterranean,Both sexes,1.87,4231.51828
Jordan,2018,Eastern Mediterranean,Both sexes,1.94,4308.151074
Jordan,2019,Eastern Mediterranean,Both sexes,1.98,4405.487109
Kazakhstan,2009,Europe,Both sexes,29.61,7165.223175
Kazakhstan,2010,Europe,Both sexes,29.41,9070.488253
Kazakhstan,2011,Europe,Both sexes,28.29,11634.0012
Kazakhstan,2012,Europe,Both sexes,27.33,12386.69927
Kazakhstan,2013,Europe,Both sexes,26.16,13890.63096
Kazakhstan,2014,Europe,Both sexes,24.23,12807.26069
Kazakhstan,2015,Europe,Both sexes,23.42,10510.77189
Kazakhstan,2016,Europe,Both sexes,22.01,7714.841844
Kazakhstan,2017,Europe,Both sexes,21.19,9247.581331
Kazakhstan,2018,Europe,Both sexes,19.41,9812.626371
Kazakhstan,2019,Europe,Both sexes,18.05,9812.595808
Kenya,2009,Africa,Both sexes,12.13,905.1316534
Kenya,2010,Africa,Both sexes,11.85,951.68778
Kenya,2011,Africa,Both sexes,11.77,971.6330365
Kenya,2012,Africa,Both sexes,11.67,1136.869893
Kenya,2013,Africa,Both sexes,11.57,1210.385435
Kenya,2014,Africa,Both sexes,11.08,1315.802225
Kenya,2015,Africa,Both sexes,10.64,1336.883265
Kenya,2016,Africa,Both sexes,10.45,1410.532025
Kenya,2017,Africa,Both sexes,10.6,1572.345734
Kenya,2018,Africa,Both sexes,11.03,1708.001428
Kenya,2019,Africa,Both sexes,11.01,1816.547124
Kiribati,2009,Western Pacific,Both sexes,32.95,1312.025001
Kiribati,2010,Western Pacific,Both sexes,32.65,1516.76766
Kiribati,2011,Western Pacific,Both sexes,32.85,1734.902397
Kiribati,2012,Western Pacific,Both sexes,32.04,1788.690394
Kiribati,2013,Western Pacific,Both sexes,32.34,1715.813041
Kiribati,2014,Western Pacific,Both sexes,31.62,1642.822669
Kiribati,2015,Western Pacific,Both sexes,31.59,1542.616968
Kiribati,2016,Western Pacific,Both sexes,31.38,1584.737028
Kiribati,2017,Western Pacific,Both sexes,31.51,1640.57196
Kiribati,2018,Western Pacific,Both sexes,30.27,1698.329587
Kiribati,2019,Western Pacific,Both sexes,30.56,1655.050693
Kuwait,2009,Eastern Mediterranean,Both sexes,2.68,37561.72593
Kuwait,2010,Eastern Mediterranean,Both sexes,2.43,38577.49828
Kuwait,2011,Eastern Mediterranean,Both sexes,2.24,48631.7834
Kuwait,2012,Eastern Mediterranean,Both sexes,2.31,51979.12069
Kuwait,2013,Eastern Mediterranean,Both sexes,2.34,49388.05338
Kuwait,2014,Eastern Mediterranean,Both sexes,2.38,44062.34091
Kuwait,2015,Eastern Mediterranean,Both sexes,2.4,29869.55275
Kuwait,2016,Eastern Mediterranean,Both sexes,2.45,27653.15762
Kuwait,2017,Eastern Mediterranean,Both sexes,2.5,29759.46744
Kuwait,2018,Eastern Mediterranean,Both sexes,2.56,33399.06048
Kuwait,2019,Eastern Mediterranean,Both sexes,2.66,32373.25111
Latvia,2009,Europe,Both sexes,21.67,12288.21383
Latvia,2010,Europe,Both sexes,18.59,11379.79806
Latvia,2011,Europe,Both sexes,18.15,13776.08878
Latvia,2012,Europe,Both sexes,19.39,13923.47398
Latvia,2013,Europe,Both sexes,16.7,15122.73528
Latvia,2014,Europe,Both sexes,17.18,15713.53697
Latvia,2015,Europe,Both sexes,17.14,13774.60527
Latvia,2016,Europe,Both sexes,17.15,14315.79289
Latvia,2017,Europe,Both sexes,17.14,15643.48563
Latvia,2018,Europe,Both sexes,14.29,17849.5593
Latvia,2019,Europe,Both sexes,16.06,17794.47862
Lebanon,2009,Eastern Mediterranean,Both sexes,3.04,7354.953605
Lebanon,2010,Eastern Mediterranean,Both sexes,3.04,7761.641489
Lebanon,2011,Eastern Mediterranean,Both sexes,3.06,7675.30894
Lebanon,2012,Eastern Mediterranean,Both sexes,2.99,7952.151239
Lebanon,2013,Eastern Mediterranean,Both sexes,3.01,7933.233249
Lebanon,2014,Eastern Mediterranean,Both sexes,2.84,7687.930519
Lebanon,2015,Eastern Mediterranean,Both sexes,2.87,7644.545147
Lebanon,2016,Eastern Mediterranean,Both sexes,2.78,7626.300196
Lebanon,2017,Eastern Mediterranean,Both sexes,2.99,7792.59886
Lebanon,2018,Eastern Mediterranean,Both sexes,2.53,8012.539237
Lebanon,2019,Eastern Mediterranean,Both sexes,2.76,7583.699146
Lesotho,2009,Africa,Both sexes,84.63,874.7298605
Lesotho,2010,Africa,Both sexes,86.89,1119.843641
Lesotho,2011,Africa,Both sexes,91.07,1287.269536
Lesotho,2012,Africa,Both sexes,102,1229.636232
Lesotho,2013,Africa,Both sexes,111.4,1166.911756
Lesotho,2014,Africa,Both sexes,116.2,1194.575627
Lesotho,2015,Africa,Both sexes,114.5,1146.064688
Lesotho,2016,Africa,Both sexes,107.1,1018.931093
Lesotho,2017,Africa,Both sexes,96.29,1102.94441
Lesotho,2018,Africa,Both sexes,93.07,1192.48432
Lesotho,2019,Africa,Both sexes,87.48,1113.37214
Liberia,2009,Africa,Both sexes,8.58,470.9481214
Liberia,2010,Africa,Both sexes,8.68,513.4455667
Liberia,2011,Africa,Both sexes,8.84,596.8966353
Liberia,2012,Africa,Both sexes,8.73,657.9357791
Liberia,2013,Africa,Both sexes,8.5,721.9295456
Liberia,2014,Africa,Both sexes,8.46,721.1822986
Liberia,2015,Africa,Both sexes,7.71,710.3840166
Liberia,2016,Africa,Both sexes,7.62,714.6233922
Liberia,2017,Africa,Both sexes,7.56,698.7023587
Liberia,2018,Africa,Both sexes,7.42,677.3223191
Liberia,2019,Africa,Both sexes,7.37,621.8929536
Libya,2009,Eastern Mediterranean,Both sexes,5.65,10275.26154
Libya,2010,Eastern Mediterranean,Both sexes,5.44,12064.77291
Libya,2011,Eastern Mediterranean,Both sexes,4.98,5554.180053
Libya,2012,Eastern Mediterranean,Both sexes,5.55,13025.27932
Libya,2013,Eastern Mediterranean,Both sexes,4.78,10363.80425
Libya,2014,Eastern Mediterranean,Both sexes,6.06,6466.908237
Libya,2015,Eastern Mediterranean,Both sexes,5.48,4337.919139
Libya,2016,Eastern Mediterranean,Both sexes,4.95,4035.196802
Libya,2017,Eastern Mediterranean,Both sexes,5.48,5756.699325
Libya,2018,Eastern Mediterranean,Both sexes,5.7,7877.12461
Libya,2019,Eastern Mediterranean,Both sexes,4.49,7685.948132
Lithuania,2009,Europe,Both sexes,33.09,11820.77616
Lithuania,2010,Europe,Both sexes,31.32,11987.50841
Lithuania,2011,Europe,Both sexes,31.85,14376.94786
Lithuania,2012,Europe,Both sexes,29.22,14367.70942
Lithuania,2013,Europe,Both sexes,33.97,15729.65247
Lithuania,2014,Europe,Both sexes,29.44,16551.0182
Lithuania,2015,Europe,Both sexes,28.93,14258.22933
Lithuania,2016,Europe,Both sexes,26.21,14998.12506
Lithuania,2017,Europe,Both sexes,23.49,16843.69965
Lithuania,2018,Europe,Both sexes,21.08,19166.81227
Lithuania,2019,Europe,Both sexes,20.15,19555.21107
Luxembourg,2009,Europe,Both sexes,8.9,103198.6693
Luxembourg,2010,Europe,Both sexes,9.62,104965.3061
Luxembourg,2011,Europe,Both sexes,9.32,115761.5077
Luxembourg,2012,Europe,Both sexes,8.95,106749.0136
Luxembourg,2013,Europe,Both sexes,8.83,113625.1329
Luxembourg,2014,Europe,Both sexes,10.06,118823.6484
Luxembourg,2015,Europe,Both sexes,9.57,101376.4966
Luxembourg,2016,Europe,Both sexes,7.55,104278.391
Luxembourg,2017,Europe,Both sexes,7.53,107361.3069
Luxembourg,2018,Europe,Both sexes,8.03,116597.2956
Luxembourg,2019,Europe,Both sexes,8.62,114685.1684
Madagascar,2009,Africa,Both sexes,10.21,467.5398004
Madagascar,2010,Africa,Both sexes,10.18,471.959197
Madagascar,2011,Africa,Both sexes,10.15,531.2654985
Madagascar,2012,Africa,Both sexes,9.89,518.1529543
Madagascar,2013,Africa,Both sexes,9.79,541.0660586
Madagascar,2014,Africa,Both sexes,9.79,530.8611206
Madagascar,2015,Africa,Both sexes,9.53,467.2355537
Madagascar,2016,Africa,Both sexes,9.47,475.9556084
Madagascar,2017,Africa,Both sexes,9.33,515.2933093
Madagascar,2018,Africa,Both sexes,9.24,518.401123
Madagascar,2019,Africa,Both sexes,9.18,526.2245722
Malawi,2009,Africa,Both sexes,15.87,438.2118568
Malawi,2010,Africa,Both sexes,16.03,478.6686885
Malawi,2011,Africa,Both sexes,14.59,534.9510502
Malawi,2012,Africa,Both sexes,13.7,391.5617052
Malawi,2013,Africa,Both sexes,13.04,348.4298737
Malawi,2014,Africa,Both sexes,12.77,371.2695217
Malawi,2015,Africa,Both sexes,12.59,380.5969877
Malawi,2016,Africa,Both sexes,12.25,315.7779871
Malawi,2017,Africa,Both sexes,11.67,497.3104097
Malawi,2018,Africa,Both sexes,11.04,535.3513457
Malawi,2019,Africa,Both sexes,10.58,583.1102036
Malaysia,2009,Western Pacific,Both sexes,5.47,7292.494973
Malaysia,2010,Western Pacific,Both sexes,5.3,9040.568495
Malaysia,2011,Western Pacific,Both sexes,5.24,10399.37021
Malaysia,2012,Western Pacific,Both sexes,5.17,10817.43171
Malaysia,2013,Western Pacific,Both sexes,4.9,10970.1043
Malaysia,2014,Western Pacific,Both sexes,5.1,11319.06194
Malaysia,2015,Western Pacific,Both sexes,5.22,9955.242722
Malaysia,2016,Western Pacific,Both sexes,5.37,9817.78709
Malaysia,2017,Western Pacific,Both sexes,5.57,10259.30481
Malaysia,2018,Western Pacific,Both sexes,5.58,11377.6542
Malaysia,2019,Western Pacific,Both sexes,5.77,11414.20269
Maldives,2009,South-East Asia,Both sexes,3.29,6636.543871
Maldives,2010,South-East Asia,Both sexes,3.05,7076.739821
Maldives,2011,South-East Asia,Both sexes,2.88,7291.465967
Maldives,2012,South-East Asia,Both sexes,2.88,7265.723399
Maldives,2013,South-East Asia,Both sexes,2.8,7928.476443
Maldives,2014,South-East Asia,Both sexes,2.88,8499.307148
Maldives,2015,South-East Asia,Both sexes,2.95,9033.459724
Maldives,2016,South-East Asia,Both sexes,3.15,9209.399665
Maldives,2017,South-East Asia,Both sexes,3.11,9577.702376
Maldives,2018,South-East Asia,Both sexes,2.92,10276.77339
Maldives,2019,South-East Asia,Both sexes,2.76,10626.43335
Mali,2009,Africa,Both sexes,8.87,701.7120403
Mali,2010,Africa,Both sexes,8.69,710.2742494
Mali,2011,Africa,Both sexes,8.68,837.605821
Mali,2012,Africa,Both sexes,8.73,778.6252695
Mali,2013,Africa,Both sexes,8.75,805.0339796
Mali,2014,Africa,Both sexes,8.65,848.279043
Mali,2015,Africa,Both sexes,8.46,751.4728866
Mali,2016,Africa,Both sexes,8.29,780.7235695
Mali,2017,Africa,Both sexes,8.04,830.0215153
Mali,2018,Africa,Both sexes,7.98,894.8047765
Mali,2019,Africa,Both sexes,7.96,879.1227752
Malta,2009,Europe,Both sexes,6.12,21083.27715
Malta,2010,Europe,Both sexes,6.63,21799.17426
Malta,2011,Europe,Both sexes,5.73,23155.55479
Malta,2012,Europe,Both sexes,5.1,22527.63676
Malta,2013,Europe,Both sexes,5.9,24771.07658
Malta,2014,Europe,Both sexes,6.33,26754.26845
Malta,2015,Europe,Both sexes,6.55,24921.60368
Malta,2016,Europe,Both sexes,5.12,25741.44606
Malta,2017,Europe,Both sexes,4.83,28250.69777
Malta,2018,Europe,Both sexes,5.28,30672.29224
Malta,2019,Europe,Both sexes,5.32,30186.19596
Mauritania,2009,Africa,Both sexes,5.56,1389.338533
Mauritania,2010,Africa,Both sexes,5.49,1610.921603
Mauritania,2011,Africa,Both sexes,5.34,1879.772472
Mauritania,2012,Africa,Both sexes,5.53,1815.218939
Mauritania,2013,Africa,Both sexes,5.43,1892.094
Mauritania,2014,Africa,Both sexes,5.4,1677.109019
Mauritania,2015,Africa,Both sexes,5.33,1524.071753
Mauritania,2016,Africa,Both sexes,5.36,1536.854888
Mauritania,2017,Africa,Both sexes,5.38,1577.86437
Mauritania,2018,Africa,Both sexes,5.42,1601.291932
Mauritania,2019,Africa,Both sexes,5.47,1679.442605
Mauritius,2009,Africa,Both sexes,8.6,7318.12641
Mauritius,2010,Africa,Both sexes,7.37,8000.376432
Mauritius,2011,Africa,Both sexes,8.56,9197.042991
Mauritius,2012,Africa,Both sexes,9.23,9291.236379
Mauritius,2013,Africa,Both sexes,7.77,9637.015729
Mauritius,2014,Africa,Both sexes,9.85,10153.93269
Mauritius,2015,Africa,Both sexes,7.51,9260.447303
Mauritius,2016,Africa,Both sexes,7.58,9681.623107
Mauritius,2017,Africa,Both sexes,9.59,10484.90583
Mauritius,2018,Africa,Both sexes,8.19,11208.3273
Mauritius,2019,Africa,Both sexes,8.75,11097.58693
Mexico,2009,Americas,Both sexes,4.81,8002.972178
Mexico,2010,Americas,Both sexes,4.66,9271.398396
Mexico,2011,Americas,Both sexes,5.36,10203.4213
Mexico,2012,Americas,Both sexes,4.95,10241.72783
Mexico,2013,Americas,Both sexes,5.28,10725.18359
Mexico,2014,Americas,Both sexes,5.72,10928.91601
Mexico,2015,Americas,Both sexes,5.6,9616.645558
Mexico,2016,Americas,Both sexes,5.57,8744.515559
Mexico,2017,Americas,Both sexes,5.89,9287.849587
Mexico,2018,Americas,Both sexes,5.36,9686.514244
Mexico,2019,Americas,Both sexes,5.29,9946.033829
Moldova,2009,Europe,Both sexes,17.07,1899.010117
Moldova,2010,Europe,Both sexes,17.64,2437.529978
Moldova,2011,Europe,Both sexes,13.25,2942.255949
Moldova,2012,Europe,Both sexes,14.61,3045.739874
Moldova,2013,Europe,Both sexes,14.4,3322.038436
Moldova,2014,Europe,Both sexes,14.47,3328.801449
Moldova,2015,Europe,Both sexes,13.68,2732.457113
Moldova,2016,Europe,Both sexes,13.42,2880.439281
Moldova,2017,Europe,Both sexes,12.44,3509.69345
Moldova,2018,Europe,Both sexes,11.88,4230.363037
Moldova,2019,Europe,Both sexes,12.17,4494.018403
Mongolia,2009,Western Pacific,Both sexes,22.69,1714.361827
Mongolia,2010,Western Pacific,Both sexes,22.4,2643.287083
Mongolia,2011,Western Pacific,Both sexes,21.87,3757.565415
Mongolia,2012,Western Pacific,Both sexes,20.99,4351.888461
Mongolia,2013,Western Pacific,Both sexes,20.43,4366.089537
Mongolia,2014,Western Pacific,Both sexes,19.6,4158.521471
Mongolia,2015,Western Pacific,Both sexes,19.68,3918.587015
Mongolia,2016,Western Pacific,Both sexes,19.82,3660.151944
Mongolia,2017,Western Pacific,Both sexes,19.11,3669.406934
Mongolia,2018,Western Pacific,Both sexes,18.67,4134.979372
Mongolia,2019,Western Pacific,Both sexes,18.02,4339.844625
Montenegro,2009,Europe,Both sexes,17.23,6727.107767
Montenegro,2010,Europe,Both sexes,16.52,6688.4824
Montenegro,2011,Europe,Both sexes,17.02,7328.932252
Montenegro,2012,Europe,Both sexes,17.06,6586.721279
Montenegro,2013,Europe,Both sexes,16.34,7189.295425
Montenegro,2014,Europe,Both sexes,16.35,7388.147794
Montenegro,2015,Europe,Both sexes,16.35,6517.163752
Montenegro,2016,Europe,Both sexes,16.08,7033.604899
Montenegro,2017,Europe,Both sexes,16.27,7803.411137
Montenegro,2018,Europe,Both sexes,16.45,8850.094631
Montenegro,2019,Europe,Both sexes,16.22,8910.651554
Morocco,2009,Eastern Mediterranean,Both sexes,9.66,2866.92411
Morocco,2010,Eastern Mediterranean,Both sexes,9.53,2839.92612
Morocco,2011,Eastern Mediterranean,Both sexes,9.49,3046.947854
Morocco,2012,Eastern Mediterranean,Both sexes,9.15,2912.658275
Morocco,2013,Eastern Mediterranean,Both sexes,8.24,3121.680081
Morocco,2014,Eastern Mediterranean,Both sexes,7.9,3171.699192
Morocco,2015,Eastern Mediterranean,Both sexes,7.63,2875.257985
Morocco,2016,Eastern Mediterranean,Both sexes,7.41,2896.722196
Morocco,2017,Eastern Mediterranean,Both sexes,7.27,3035.454433
Morocco,2018,Eastern Mediterranean,Both sexes,7.3,3226.982794
Morocco,2019,Eastern Mediterranean,Both sexes,7.29,3230.409722
Mozambique,2009,Africa,Both sexes,24.64,520.4026316
Mozambique,2010,Africa,Both sexes,25.31,471.9043433
Mozambique,2011,Africa,Both sexes,25.86,594.5861471
Mozambique,2012,Africa,Both sexes,26.54,657.6446765
Mozambique,2013,Africa,Both sexes,26.01,664.0775104
Mozambique,2014,Africa,Both sexes,24.68,673.969212
Mozambique,2015,Africa,Both sexes,23.97,589.85905
Mozambique,2016,Africa,Both sexes,23.4,428.9266729
Mozambique,2017,Africa,Both sexes,23.09,461.4150941
Mozambique,2018,Africa,Both sexes,23.19,503.3179252
Mozambique,2019,Africa,Both sexes,23.19,503.5706566
Myanmar,2009,South-East Asia,Both sexes,3.88,840.0744393
Myanmar,2010,South-East Asia,Both sexes,3.75,1018.13173
Myanmar,2011,South-East Asia,Both sexes,3.67,1061.923411
Myanmar,2012,South-East Asia,Both sexes,3.54,1035.80424
Myanmar,2013,South-East Asia,Both sexes,3.46,1121.942049
Myanmar,2014,South-East Asia,Both sexes,3.41,1140.76652
Myanmar,2015,South-East Asia,Both sexes,3.34,1144.474341
Myanmar,2016,South-East Asia,Both sexes,3.33,1158.434566
Myanmar,2017,South-East Asia,Both sexes,3.1,1257.803576
Myanmar,2018,South-East Asia,Both sexes,2.96,1279.089756
Myanmar,2019,South-East Asia,Both sexes,2.96,1477.355368
Namibia,2009,Africa,Both sexes,18.42,4295.387144
Namibia,2010,Africa,Both sexes,17.99,5394.996711
Namibia,2011,Africa,Both sexes,16.14,5806.748245
Namibia,2012,Africa,Both sexes,14.5,5942.29274
Namibia,2013,Africa,Both sexes,14.38,5392.09494
Namibia,2014,Africa,Both sexes,15.32,5469.901401
Namibia,2015,Africa,Both sexes,16.29,4896.61526
Namibia,2016,Africa,Both sexes,14.92,4546.986687
Namibia,2017,Africa,Both sexes,15.22,5367.114673
Namibia,2018,Africa,Both sexes,13.74,5587.985613
Namibia,2019,Africa,Both sexes,13.51,5037.342629
Nepal,2009,South-East Asia,Both sexes,10.46,478.1732528
Nepal,2010,South-East Asia,Both sexes,10.52,592.4012071
Nepal,2011,South-East Asia,Both sexes,10.73,799.5833769
Nepal,2012,South-East Asia,Both sexes,10.59,804.1416073
Nepal,2013,South-East Asia,Both sexes,10.26,823.3598746
Nepal,2014,South-East Asia,Both sexes,9.93,844.8531248
Nepal,2015,South-East Asia,Both sexes,9.83,901.7496077
Nepal,2016,South-East Asia,Both sexes,9.68,899.523581
Nepal,2017,South-East Asia,Both sexes,9.63,1048.453755
Nepal,2018,South-East Asia,Both sexes,9.69,1178.525932
Nepal,2019,South-East Asia,Both sexes,9.77,1194.956876
Netherlands,2009,Europe,Both sexes,7.78,52514.02712
Netherlands,2010,Europe,Both sexes,8.06,50950.03434
Netherlands,2011,Europe,Both sexes,8.4,54159.34661
Netherlands,2012,Europe,Both sexes,8.88,50073.00566
Netherlands,2013,Europe,Both sexes,9.47,52184.06185
Netherlands,2014,Europe,Both sexes,9.28,52830.17423
Netherlands,2015,Europe,Both sexes,9.31,45175.23189
Netherlands,2016,Europe,Both sexes,9.33,46007.85292
Netherlands,2017,Europe,Both sexes,9.61,48554.99228
Netherlands,2018,Europe,Both sexes,9.09,53018.62936
Netherlands,2019,Europe,Both sexes,9.27,52295.03905
New Zealand,2009,Western Pacific,Both sexes,10.94,28209.36233
New Zealand,2010,Western Pacific,Both sexes,12.02,33676.77412
New Zealand,2011,Western Pacific,Both sexes,10.99,38387.62708
New Zealand,2012,Western Pacific,Both sexes,12.35,39973.38076
New Zealand,2013,Western Pacific,Both sexes,11.56,42976.64959
New Zealand,2014,Western Pacific,Both sexes,10.59,44572.89875
New Zealand,2015,Western Pacific,Both sexes,11.13,38630.72659
New Zealand,2016,Western Pacific,Both sexes,11.52,40080.49411
New Zealand,2017,Western Pacific,Both sexes,12.14,42992.89527
New Zealand,2018,Western Pacific,Both sexes,10.66,43306.07
New Zealand,2019,Western Pacific,Both sexes,10.3,41999.36829
Nicaragua,2009,Americas,Both sexes,5.47,1444.36951
Nicaragua,2010,Americas,Both sexes,5.37,1503.872231
Nicaragua,2011,Americas,Both sexes,5.94,1655.818055
Nicaragua,2012,Americas,Both sexes,4.86,1760.467407
Nicaragua,2013,Americas,Both sexes,5.87,1811.636803
Nicaragua,2014,Americas,Both sexes,4.95,1934.062922
Nicaragua,2015,Americas,Both sexes,4.47,2049.851666
Nicaragua,2016,Americas,Both sexes,4.59,2107.57406
Nicaragua,2017,Americas,Both sexes,4.73,2159.161926
Nicaragua,2018,Americas,Both sexes,5.04,2014.570287
Nicaragua,2019,Americas,Both sexes,4.66,1926.699694
Niger,2009,Africa,Both sexes,10.23,464.057999
Niger,2010,Africa,Both sexes,10.39,476.8695322
Niger,2011,Africa,Both sexes,10.44,512.595335
Niger,2012,Africa,Both sexes,10.58,529.7444581
Niger,2013,Africa,Both sexes,10.66,552.569139
Niger,2014,Africa,Both sexes,10.65,564.5967488
Niger,2015,Africa,Both sexes,10.39,484.2386326
Niger,2016,Africa,Both sexes,10.22,498.1053379
Niger,2017,Africa,Both sexes,10.15,517.9770442
Niger,2018,Africa,Both sexes,10.13,572.4301385
Niger,2019,Africa,Both sexes,10.15,553.8949553
Nigeria,2009,Africa,Both sexes,8.97,1891.335297
Nigeria,2010,Africa,Both sexes,8.79,2280.437337
Nigeria,2011,Africa,Both sexes,8.65,2487.598017
Nigeria,2012,Africa,Both sexes,8.33,2723.822191
Nigeria,2013,Africa,Both sexes,8.01,2961.549422
Nigeria,2014,Africa,Both sexes,7.59,3098.985791
Nigeria,2015,Africa,Both sexes,7.31,2687.480056
Nigeria,2016,Africa,Both sexes,7.22,2176.002772
Nigeria,2017,Africa,Both sexes,7.06,1968.565398
Nigeria,2018,Africa,Both sexes,6.95,2027.778549
Nigeria,2019,Africa,Both sexes,6.87,2229.858652
Norway,2009,Europe,Both sexes,11.37,79977.69708
Norway,2010,Europe,Both sexes,10.89,87693.79007
Norway,2011,Europe,Both sexes,11.85,100600.5624
Norway,2012,Europe,Both sexes,9.94,101524.1419
Norway,2013,Europe,Both sexes,10.29,102913.4508
Norway,2014,Europe,Both sexes,10.06,97019.18275
Norway,2015,Europe,Both sexes,10.59,74355.51586
Norway,2016,Europe,Both sexes,11.08,70460.56053
Norway,2017,Europe,Both sexes,10.38,75496.75406
Norway,2018,Europe,Both sexes,10.13,82267.80932
Norway,2019,Europe,Both sexes,9.91,75826.08188
Oman,2009,Eastern Mediterranean,Both sexes,6.02,16823.79495
Oman,2010,Eastern Mediterranean,Both sexes,6.1,18712.57015
Oman,2011,Eastern Mediterranean,Both sexes,5.47,20876.58504
Oman,2012,Eastern Mediterranean,Both sexes,4.85,21872.61054
Oman,2013,Eastern Mediterranean,Both sexes,4.79,20865.78787
Oman,2014,Eastern Mediterranean,Both sexes,4.68,20035.21731
Oman,2015,Eastern Mediterranean,Both sexes,4.7,16033.46383
Oman,2016,Eastern Mediterranean,Both sexes,4.52,14609.98176
Oman,2017,Eastern Mediterranean,Both sexes,4.53,15127.88819
Oman,2018,Eastern Mediterranean,Both sexes,4.37,16521.20623
Oman,2019,Eastern Mediterranean,Both sexes,4.47,15343.0435
Pakistan,2009,Eastern Mediterranean,Both sexes,10.3,957.9956753
Pakistan,2010,Eastern Mediterranean,Both sexes,10.16,987.409712
Pakistan,2011,Eastern Mediterranean,Both sexes,10.02,1164.978823
Pakistan,2012,Eastern Mediterranean,Both sexes,9.97,1198.117637
Pakistan,2013,Eastern Mediterranean,Both sexes,9.98,1208.91771
Pakistan,2014,Eastern Mediterranean,Both sexes,9.96,1251.175719
Pakistan,2015,Eastern Mediterranean,Both sexes,9.96,1356.667831
Pakistan,2016,Eastern Mediterranean,Both sexes,10.02,1368.426961
Pakistan,2017,Eastern Mediterranean,Both sexes,9.98,1464.926195
Pakistan,2018,Eastern Mediterranean,Both sexes,9.79,1482.213067
Pakistan,2019,Eastern Mediterranean,Both sexes,9.77,1284.702047
Panama,2009,Americas,Both sexes,5.06,7576.140467
Panama,2010,Americas,Both sexes,4.33,8082.019584
Panama,2011,Americas,Both sexes,3.95,9358.261574
Panama,2012,Americas,Both sexes,3.75,10722.25235
Panama,2013,Americas,Both sexes,3.54,11889.07056
Panama,2014,Americas,Both sexes,4.15,12796.05753
Panama,2015,Americas,Both sexes,2.95,13630.32287
Panama,2016,Americas,Both sexes,3.35,14343.98139
Panama,2017,Americas,Both sexes,3.21,15146.40237
Panama,2018,Americas,Both sexes,2.92,15544.73352
Panama,2019,Americas,Both sexes,2.86,15727.97449
Paraguay,2009,Americas,Both sexes,4.74,3626.818637
Paraguay,2010,Americas,Both sexes,3.82,4359.428415
Paraguay,2011,Americas,Both sexes,4.68,5329.387437
Paraguay,2012,Americas,Both sexes,4.7,5185.141549
Paraguay,2013,Americas,Both sexes,5.07,5936.975959
Paraguay,2014,Americas,Both sexes,5.95,6118.31811
Paraguay,2015,Americas,Both sexes,5.85,5413.776021
Paraguay,2016,Americas,Both sexes,5.64,5324.609068
Paraguay,2017,Americas,Both sexes,6.13,5678.869972
Paraguay,2018,Americas,Both sexes,6.1,5782.78455
Paraguay,2019,Americas,Both sexes,6.16,5380.963322
Peru,2009,Americas,Both sexes,3.44,4196.311627
Peru,2010,Americas,Both sexes,3.63,5082.353706
Peru,2011,Americas,Both sexes,3.45,5869.323882
Peru,2012,Americas,Both sexes,3.32,6528.971775
Peru,2013,Americas,Both sexes,3.19,6756.752996
Peru,2014,Americas,Both sexes,2.98,6672.877373
Peru,2015,Americas,Both sexes,2.77,6229.100674
Peru,2016,Americas,Both sexes,2.66,6204.996457
Peru,2017,Americas,Both sexes,2.74,6710.507602
Peru,2018,Americas,Both sexes,2.74,6957.793411
Peru,2019,Americas,Both sexes,2.73,7027.612207
Philippines,2009,Western Pacific,Both sexes,2.78,1905.895236
Philippines,2010,Western Pacific,Both sexes,2.89,2217.472153
Philippines,2011,Western Pacific,Both sexes,3.37,2450.735694
Philippines,2012,Western Pacific,Both sexes,2.85,2694.305109
Philippines,2013,Western Pacific,Both sexes,2.88,2871.429701
Philippines,2014,Western Pacific,Both sexes,2.69,2959.645435
Philippines,2015,Western Pacific,Both sexes,2.71,3001.043182
Philippines,2016,Western Pacific,Both sexes,2.67,3073.654686
Philippines,2017,Western Pacific,Both sexes,2.63,3123.245642
Philippines,2018,Western Pacific,Both sexes,2.58,3252.110274
Philippines,2019,Western Pacific,Both sexes,2.54,3485.340844
Poland,2009,Europe,Both sexes,16.11,11526.05589
Poland,2010,Europe,Both sexes,15.51,12613.011
Poland,2011,Europe,Both sexes,14.98,13879.56099
Poland,2012,Europe,Both sexes,15.29,13097.27085
Poland,2013,Europe,Both sexes,15.06,13696.4663
Poland,2014,Europe,Both sexes,14.5,14271.30585
Poland,2015,Europe,Both sexes,13.15,12578.49547
Poland,2016,Europe,Both sexes,11.37,12447.43959
Poland,2017,Europe,Both sexes,11.06,13864.68176
Poland,2018,Europe,Both sexes,10.4,15468.40941
Poland,2019,Europe,Both sexes,9.3,15694.84082
Portugal,2009,Europe,Both sexes,8.65,23059.79745
Portugal,2010,Europe,Both sexes,8.83,22498.69086
Portugal,2011,Europe,Both sexes,7.94,23186.91313
Portugal,2012,Europe,Both sexes,8.48,20564.88986
Portugal,2013,Europe,Both sexes,7.98,21647.04181
Portugal,2014,Europe,Both sexes,9.23,22074.30076
Portugal,2015,Europe,Both sexes,8.31,19242.36647
Portugal,2016,Europe,Both sexes,7.38,19978.40121
Portugal,2017,Europe,Both sexes,7.86,21437.3475
Portugal,2018,Europe,Both sexes,7.5,23551.04829
Portugal,2019,Europe,Both sexes,7.22,23284.52723
Qatar,2009,Eastern Mediterranean,Both sexes,6.73,59094.65918
Qatar,2010,Eastern Mediterranean,Both sexes,6.39,67403.08768
Qatar,2011,Eastern Mediterranean,Both sexes,6.24,82409.94164
Qatar,2012,Eastern Mediterranean,Both sexes,5.83,85075.98654
Qatar,2013,Eastern Mediterranean,Both sexes,5.3,85050.68435
Qatar,2014,Eastern Mediterranean,Both sexes,5.02,83858.34046
Qatar,2015,Eastern Mediterranean,Both sexes,4.85,63039.11263
Qatar,2016,Eastern Mediterranean,Both sexes,4.83,57162.96801
Qatar,2017,Eastern Mediterranean,Both sexes,4.61,59124.86727
Qatar,2018,Eastern Mediterranean,Both sexes,4.61,65907.94843
Qatar,2019,Eastern Mediterranean,Both sexes,4.66,62087.97413
Romania,2009,Europe,Both sexes,10.04,8548.118672
Romania,2010,Europe,Both sexes,10.71,8214.076893
Romania,2011,Europe,Both sexes,9.86,9099.217539
Romania,2012,Europe,Both sexes,10.34,8507.104775
Romania,2013,Europe,Both sexes,9.86,9547.852151
Romania,2014,Europe,Both sexes,8.97,10043.67745
Romania,2015,Europe,Both sexes,9.06,8969.148921
Romania,2016,Europe,Both sexes,7.76,9548.587403
Romania,2017,Europe,Both sexes,7.83,10807.00917
Romania,2018,Europe,Both sexes,7.71,12398.98198
Romania,2019,Europe,Both sexes,7.33,12889.80961
Rwanda,2009,Africa,Both sexes,12.06,579.726615
Rwanda,2010,Africa,Both sexes,11.5,609.724917
Rwanda,2011,Africa,Both sexes,10.93,668.4946722
Rwanda,2012,Africa,Both sexes,10.56,725.1697703
Rwanda,2013,Africa,Both sexes,10.13,722.8943285
Rwanda,2014,Africa,Both sexes,10.07,743.559038
Rwanda,2015,Africa,Both sexes,9.89,751.0773926
Rwanda,2016,Africa,Both sexes,9.73,744.7607488
Rwanda,2017,Africa,Both sexes,9.62,772.3169891
Rwanda,2018,Africa,Both sexes,9.52,783.6371628
Rwanda,2019,Africa,Both sexes,9.45,820.1492886
Samoa,2009,Western Pacific,Both sexes,13.01,3168.228207
Samoa,2010,Western Pacific,Both sexes,14.83,3566.458277
Samoa,2011,Western Pacific,Both sexes,14.79,3933.459357
Samoa,2012,Western Pacific,Both sexes,14.75,4022.177848
Samoa,2013,Western Pacific,Both sexes,14.12,4037.615168
Samoa,2014,Western Pacific,Both sexes,14.92,3937.779197
Samoa,2015,Western Pacific,Both sexes,14.94,4073.729164
Samoa,2016,Western Pacific,Both sexes,15.03,4109.059523
Samoa,2017,Western Pacific,Both sexes,14.75,4259.634172
Samoa,2018,Western Pacific,Both sexes,14.8,4188.571058
Samoa,2019,Western Pacific,Both sexes,14.6,4324.101774
Sao Tome and Principe,2009,Africa,Both sexes,2.25,1067.908053
Sao Tome and Principe,2010,Africa,Both sexes,2.18,1090.260763
Sao Tome and Principe,2011,Africa,Both sexes,2.11,1254.541598
Sao Tome and Principe,2012,Africa,Both sexes,2.24,1330.620114
Sao Tome and Principe,2013,Africa,Both sexes,2.19,1564.768548
Sao Tome and Principe,2014,Africa,Both sexes,2.24,1770.467688
Sao Tome and Principe,2015,Africa,Both sexes,2.18,1584.775657
Sao Tome and Principe,2016,Africa,Both sexes,2.16,1700.097997
Sao Tome and Principe,2017,Africa,Both sexes,2.19,1813.807434
Sao Tome and Principe,2018,Africa,Both sexes,2.17,1953.513257
Sao Tome and Principe,2019,Africa,Both sexes,2.2,1987.579702
Saudi Arabia,2009,Eastern Mediterranean,Both sexes,5.23,16113.14371
Saudi Arabia,2010,Eastern Mediterranean,Both sexes,5.66,19262.5476
Saudi Arabia,2011,Eastern Mediterranean,Both sexes,6.2,23745.88058
Saudi Arabia,2012,Eastern Mediterranean,Both sexes,6.41,25243.602
Saudi Arabia,2013,Eastern Mediterranean,Both sexes,6.31,24845.12466
Saudi Arabia,2014,Eastern Mediterranean,Both sexes,6.3,24464.21256
Saudi Arabia,2015,Eastern Mediterranean,Both sexes,5.95,20627.92693
Saudi Arabia,2016,Eastern Mediterranean,Both sexes,5.9,19878.76384
Saudi Arabia,2017,Eastern Mediterranean,Both sexes,5.74,20802.46631
Saudi Arabia,2018,Eastern Mediterranean,Both sexes,5.57,23337.01755
Saudi Arabia,2019,Eastern Mediterranean,Both sexes,5.43,23139.79798
Senegal,2009,Africa,Both sexes,12.39,1308.937808
Senegal,2010,Africa,Both sexes,12.37,1271.583281
Senegal,2011,Africa,Both sexes,12.12,1366.774501
Senegal,2012,Africa,Both sexes,12.2,1317.779802
Senegal,2013,Africa,Both sexes,12.12,1372.665779
Senegal,2014,Africa,Both sexes,11.97,1396.657339
Senegal,2015,Africa,Both sexes,11.81,1219.249415
Senegal,2016,Africa,Both sexes,11.53,1269.903294
Senegal,2017,Africa,Both sexes,11.37,1361.701972
Senegal,2018,Africa,Both sexes,11.16,1458.069093
Senegal,2019,Africa,Both sexes,10.99,1430.148259
Serbia,2009,Europe,Both sexes,14.8,6169.114195
Serbia,2010,Europe,Both sexes,12.42,5735.422857
Serbia,2011,Europe,Both sexes,13.17,6809.159804
Serbia,2012,Europe,Both sexes,13.28,6015.945228
Serbia,2013,Europe,Both sexes,13.03,6755.073675
Serbia,2014,Europe,Both sexes,12.02,6600.056809
Serbia,2015,Europe,Both sexes,11.69,5588.980728
Serbia,2016,Europe,Both sexes,10.58,5765.200762
Serbia,2017,Europe,Both sexes,0.33,6292.543629
Serbia,2018,Europe,Both sexes,7.86,7252.401858
Serbia,2019,Europe,Both sexes,7.86,7411.558649
Seychelles,2009,Africa,Both sexes,7.29,9706.95606
Seychelles,2010,Africa,Both sexes,7.42,10804.68447
Seychelles,2011,Africa,Both sexes,7.46,12189.09516
Seychelles,2012,Africa,Both sexes,7.33,12006.68296
Seychelles,2013,Africa,Both sexes,7.3,14765.67398
Seychelles,2014,Africa,Both sexes,7.52,14700.33434
Seychelles,2015,Africa,Both sexes,7.65,14745.34146
Seychelles,2016,Africa,Both sexes,7.64,15068.62035
Seychelles,2017,Africa,Both sexes,7.93,15906.08391
Seychelles,2018,Africa,Both sexes,7.87,16390.82491
Seychelles,2019,Africa,Both sexes,7.73,16198.51748
Sierra Leone,2009,Africa,Both sexes,11.93,391.200943
Sierra Leone,2010,Africa,Both sexes,12.16,401.8348761
Sierra Leone,2011,Africa,Both sexes,11.74,448.3376621
Sierra Leone,2012,Africa,Both sexes,11.84,566.3782351
Sierra Leone,2013,Africa,Both sexes,11.35,716.8358269
Sierra Leone,2014,Africa,Both sexes,10.95,714.6997957
Sierra Leone,2015,Africa,Both sexes,10.53,588.2288628
Sierra Leone,2016,Africa,Both sexes,10.83,501.4151655
Sierra Leone,2017,Africa,Both sexes,10.94,499.3809746
Sierra Leone,2018,Africa,Both sexes,11.2,533.9915333
Sierra Leone,2019,Africa,Both sexes,11.25,527.5341745
Singapore,2009,Western Pacific,Both sexes,9.03,38927.20688
Singapore,2010,Western Pacific,Both sexes,8.23,47236.96023
Singapore,2011,Western Pacific,Both sexes,7.86,53890.42873
Singapore,2012,Western Pacific,Both sexes,9.16,55546.48854
Singapore,2013,Western Pacific,Both sexes,8.49,56967.42579
Singapore,2014,Western Pacific,Both sexes,8.22,57562.53079
Singapore,2015,Western Pacific,Both sexes,7.56,55646.61875
Singapore,2016,Western Pacific,Both sexes,7.3,56848.17539
Singapore,2017,Western Pacific,Both sexes,7.25,61176.45636
Singapore,2018,Western Pacific,Both sexes,7.76,66679.04649
Singapore,2019,Western Pacific,Both sexes,9.65,65640.70795
Slovenia,2009,Europe,Both sexes,16.78,24694.23049
Slovenia,2010,Europe,Both sexes,15.56,23509.54314
Slovenia,2011,Europe,Both sexes,15.46,25095.13229
Slovenia,2012,Europe,Both sexes,15.9,22643.10025
Slovenia,2013,Europe,Both sexes,16.16,23496.6025
Slovenia,2014,Europe,Both sexes,14.36,24214.92207
Slovenia,2015,Europe,Both sexes,14.75,20881.76693
Slovenia,2016,Europe,Both sexes,14.29,21663.64341
Slovenia,2017,Europe,Both sexes,14.29,23454.73952
Slovenia,2018,Europe,Both sexes,12.79,26103.16026
Slovenia,2019,Europe,Both sexes,13.97,25940.72803
Solomon Islands,2009,Western Pacific,Both sexes,18.7,1428.505673
Solomon Islands,2010,Western Pacific,Both sexes,18.6,1604.20583
Solomon Islands,2011,Western Pacific,Both sexes,18.54,1938.891187
Solomon Islands,2012,Western Pacific,Both sexes,18.39,2141.821522
Solomon Islands,2013,Western Pacific,Both sexes,18.19,2248.614935
Solomon Islands,2014,Western Pacific,Both sexes,18.1,2274.887866
Solomon Islands,2015,Western Pacific,Both sexes,17.94,2167.119928
Solomon Islands,2016,Western Pacific,Both sexes,17.83,2225.486842
Solomon Islands,2017,Western Pacific,Both sexes,17.81,2332.844216
Solomon Islands,2018,Western Pacific,Both sexes,17.74,2411.862926
Solomon Islands,2019,Western Pacific,Both sexes,17.37,2344.231634
Somalia,2013,Eastern Mediterranean,Both sexes,15.2,297.9553578
Somalia,2014,Eastern Mediterranean,Both sexes,15.16,295.2666099
Somalia,2015,Eastern Mediterranean,Both sexes,15.03,293.4551719
Somalia,2016,Eastern Mediterranean,Both sexes,14.83,295.9673926
Somalia,2017,Eastern Mediterranean,Both sexes,14.87,309.0543803
Somalia,2018,Eastern Mediterranean,Both sexes,14.81,314.542678
Somalia,2019,Eastern Mediterranean,Both sexes,14.66,320.0381483
South Africa,2009,Africa,Both sexes,29.24,5862.797108
South Africa,2010,Africa,Both sexes,26.92,7328.6152
South Africa,2011,Africa,Both sexes,24.43,8007.476439
South Africa,2012,Africa,Both sexes,24.63,7501.661096
South Africa,2013,Africa,Both sexes,25.12,6832.725546
South Africa,2014,Africa,Both sexes,25.28,6433.400402
South Africa,2015,Africa,Both sexes,25.55,5734.633422
South Africa,2016,Africa,Both sexes,25.31,5272.543648
South Africa,2017,Africa,Both sexes,25.84,6131.47945
South Africa,2018,Africa,Both sexes,24.39,6372.605655
South Africa,2019,Africa,Both sexes,23.49,6001.401121
Spain,2009,Europe,Both sexes,5.62,32042.47408
Spain,2010,Europe,Both sexes,5.05,30502.71971
Spain,2011,Europe,Both sexes,5.1,31636.44631
Spain,2012,Europe,Both sexes,5.63,28324.42934
Spain,2013,Europe,Both sexes,6.16,29059.54795
Spain,2014,Europe,Both sexes,6.21,29461.55033
Spain,2015,Europe,Both sexes,5.64,25732.01836
Spain,2016,Europe,Both sexes,5.54,26505.34322
Spain,2017,Europe,Both sexes,5.77,28100.58624
Spain,2018,Europe,Both sexes,5.38,30374.52104
Spain,2019,Europe,Both sexes,5.28,29564.7449
Sri Lanka,2009,South-East Asia,Both sexes,22.72,2090.401826
Sri Lanka,2010,South-East Asia,Both sexes,21.87,2799.648738
Sri Lanka,2011,South-East Asia,Both sexes,17.85,3200.861132
Sri Lanka,2012,South-East Asia,Both sexes,16.4,3350.521876
Sri Lanka,2013,South-East Asia,Both sexes,14.98,3610.289363
Sri Lanka,2014,South-East Asia,Both sexes,12.72,3819.25353
Sri Lanka,2015,South-East Asia,Both sexes,14.7,3843.780672
Sri Lanka,2016,South-East Asia,Both sexes,14.17,3886.291502
Sri Lanka,2017,South-East Asia,Both sexes,13.67,4076.747003
Sri Lanka,2018,South-East Asia,Both sexes,13.24,4058.803511
Sri Lanka,2019,South-East Asia,Both sexes,12.89,3851.56099
Sudan,2009,Eastern Mediterranean,Both sexes,5.22,1163.797223
Sudan,2010,Eastern Mediterranean,Both sexes,5.15,1489.874087
Sudan,2011,Eastern Mediterranean,Both sexes,5.28,1437.779831
Sudan,2012,Eastern Mediterranean,Both sexes,5.09,1332.914187
Sudan,2013,Eastern Mediterranean,Both sexes,5.11,1381.489462
Sudan,2014,Eastern Mediterranean,Both sexes,4.99,1625.463728
Sudan,2015,Eastern Mediterranean,Both sexes,4.89,1656.905841
Sudan,2016,Eastern Mediterranean,Both sexes,4.84,1325.156019
Sudan,2017,Eastern Mediterranean,Both sexes,4.8,1103.000026
Sudan,2018,Eastern Mediterranean,Both sexes,4.81,825.8689411
Sudan,2019,Eastern Mediterranean,Both sexes,4.76,753.2821741
Suriname,2009,Americas,Both sexes,26.53,7408.360786
Suriname,2010,Americas,Both sexes,27.42,8255.874872
Suriname,2011,Americas,Both sexes,26.02,8263.203803
Suriname,2012,Americas,Both sexes,26.82,9200.974786
Suriname,2013,Americas,Both sexes,26.54,9402.164419
Suriname,2014,Americas,Both sexes,25.94,9471.922001
Suriname,2015,Americas,Both sexes,25.91,9168.237157
Suriname,2016,Americas,Both sexes,25.47,5872.789429
Suriname,2017,Americas,Both sexes,25.37,6295.560562
Suriname,2018,Americas,Both sexes,26.23,6938.086981
Suriname,2019,Americas,Both sexes,25.89,7261.16561
Sweden,2009,Europe,Both sexes,13.09,46946.96027
Sweden,2010,Europe,Both sexes,12.01,52869.04429
Sweden,2011,Europe,Both sexes,12,60755.75955
Sweden,2012,Europe,Both sexes,12.25,58037.82132
Sweden,2013,Europe,Both sexes,13.04,61126.9432
Sweden,2014,Europe,Both sexes,12.28,60020.36046
Sweden,2015,Europe,Both sexes,13.02,51545.48361
Sweden,2016,Europe,Both sexes,12.15,51965.15715
Sweden,2017,Europe,Both sexes,12.5,53791.50873
Sweden,2018,Europe,Both sexes,12.69,54589.06039
Sweden,2019,Europe,Both sexes,12.37,51686.85135
Switzerland,2009,Europe,Both sexes,12.1,72083.1677
Switzerland,2010,Europe,Both sexes,10.54,77117.12601
Switzerland,2011,Europe,Both sexes,10.51,91254.03476
Switzerland,2012,Europe,Both sexes,10.49,86547.67089
Switzerland,2013,Europe,Both sexes,10.7,88109.48675
Switzerland,2014,Europe,Both sexes,10.01,89684.70758
Switzerland,2015,Europe,Both sexes,10.5,84776.14217
Switzerland,2016,Europe,Both sexes,9.76,83073.28008
Switzerland,2017,Europe,Both sexes,10.37,83352.08865
Switzerland,2018,Europe,Both sexes,9.88,86429.50082
Switzerland,2019,Europe,Both sexes,9.83,85300.34797
Tajikistan,2009,Europe,Both sexes,4.9,676.1235111
Tajikistan,2010,Europe,Both sexes,4.98,749.5524123
Tajikistan,2011,Europe,Both sexes,5.06,847.3824321
Tajikistan,2012,Europe,Both sexes,5.08,969.2961039
Tajikistan,2013,Europe,Both sexes,5.04,1048.225602
Tajikistan,2014,Europe,Both sexes,5.11,1104.172358
Tajikistan,2015,Europe,Both sexes,5.19,978.4049812
Tajikistan,2016,Europe,Both sexes,5.38,807.1025861
Tajikistan,2017,Europe,Both sexes,5.29,848.6723799
Tajikistan,2018,Europe,Both sexes,5.29,853.2188734
Tajikistan,2019,Europe,Both sexes,5.32,890.5444024
Tanzania,2009,Africa,Both sexes,10.57,695.2168433
Tanzania,2010,Africa,Both sexes,9.81,743.4036639
Tanzania,2011,Africa,Both sexes,9.32,781.4338957
Tanzania,2012,Africa,Both sexes,8.45,867.8574989
Tanzania,2013,Africa,Both sexes,8.64,970.3996014
Tanzania,2014,Africa,Both sexes,8.25,1030.077648
Tanzania,2015,Africa,Both sexes,8.23,947.9333517
Tanzania,2016,Africa,Both sexes,8.32,966.5030166
Tanzania,2017,Africa,Both sexes,8.15,1004.906588
Tanzania,2018,Africa,Both sexes,8.04,1042.838759
Tanzania,2019,Africa,Both sexes,8.15,1085.884861
Thailand,2009,South-East Asia,Both sexes,7.27,4213.006654
Thailand,2010,South-East Asia,Both sexes,7.29,5076.339872
Thailand,2011,South-East Asia,Both sexes,7.17,5492.1215
Thailand,2012,South-East Asia,Both sexes,7.03,5860.581471
Thailand,2013,South-East Asia,Both sexes,6.59,6168.261356
Thailand,2014,South-East Asia,Both sexes,6.87,5951.883487
Thailand,2015,South-East Asia,Both sexes,7.15,5840.053067
Thailand,2016,South-East Asia,Both sexes,7.59,5993.305516
Thailand,2017,South-East Asia,Both sexes,7.49,6593.818352
Thailand,2018,South-East Asia,Both sexes,7.9,7296.879608
Thailand,2019,South-East Asia,Both sexes,7.95,7817.011522
Timor-Leste,2009,South-East Asia,Both sexes,4.41,676.6183307
Timor-Leste,2010,South-East Asia,Both sexes,4.15,806.4135263
Timor-Leste,2011,South-East Asia,Both sexes,4.3,947.5107667
Timor-Leste,2012,South-East Asia,Both sexes,4.28,1013.042872
Timor-Leste,2013,South-East Asia,Both sexes,4.23,1210.03999
Timor-Leste,2014,South-East Asia,Both sexes,4.24,1232.453997
Timor-Leste,2015,South-East Asia,Both sexes,4.38,1332.791772
Timor-Leste,2016,South-East Asia,Both sexes,4.45,1353.746815
Timor-Leste,2017,South-East Asia,Both sexes,4.4,1286.406785
Timor-Leste,2018,South-East Asia,Both sexes,4.46,1230.22528
Timor-Leste,2019,South-East Asia,Both sexes,4.53,1560.508615
Togo,2009,Africa,Both sexes,18.47,540.6087126
Togo,2010,Africa,Both sexes,18.2,534.0447826
Togo,2011,Africa,Both sexes,18.12,587.0974928
Togo,2012,Africa,Both sexes,18.02,571.8067239
Togo,2013,Africa,Both sexes,17.79,621.3988536
Togo,2014,Africa,Both sexes,17.41,640.9342196
Togo,2015,Africa,Both sexes,16.69,570.9099672
Togo,2016,Africa,Both sexes,15.97,803.1518934
Togo,2017,Africa,Both sexes,15.4,830.7452767
Togo,2018,Africa,Both sexes,14.88,901.5230169
Togo,2019,Africa,Both sexes,14.81,893.3524541
Tonga,2009,Western Pacific,Both sexes,5.06,3006.606344
Tonga,2010,Western Pacific,Both sexes,5.34,3527.952342
Tonga,2011,Western Pacific,Both sexes,5.21,4002.813771
Tonga,2012,Western Pacific,Both sexes,5.25,4581.783245
Tonga,2013,Western Pacific,Both sexes,5.27,4428.146521
Tonga,2014,Western Pacific,Both sexes,5.35,4354.24436
Tonga,2015,Western Pacific,Both sexes,5.3,4336.239603
Tonga,2016,Western Pacific,Both sexes,4.77,4157.877249
Tonga,2017,Western Pacific,Both sexes,4.78,4513.432531
Tonga,2018,Western Pacific,Both sexes,4.57,4740.700272
Tonga,2019,Western Pacific,Both sexes,4.37,4903.012138
Trinidad and Tobago,2009,Americas,Both sexes,10.42,14514.24061
Trinidad and Tobago,2010,Americas,Both sexes,10.59,16683.39306
Trinidad and Tobago,2011,Americas,Both sexes,9.2,19034.12071
Trinidad and Tobago,2012,Americas,Both sexes,8.86,19157.45977
Trinidad and Tobago,2013,Americas,Both sexes,10.14,20143.54541
Trinidad and Tobago,2014,Americas,Both sexes,9.83,20270.93377
Trinidad and Tobago,2015,Americas,Both sexes,9.54,18214.46062
Trinidad and Tobago,2016,Americas,Both sexes,9.23,16250.62869
Trinidad and Tobago,2017,Americas,Both sexes,8.96,16173.74005
Trinidad and Tobago,2018,Americas,Both sexes,8.5,17037.86236
Trinidad and Tobago,2019,Americas,Both sexes,8.28,16637.16294
Tunisia,2009,Eastern Mediterranean,Both sexes,3.43,4128.463959
Tunisia,2010,Eastern Mediterranean,Both sexes,3.37,4141.975964
Tunisia,2011,Eastern Mediterranean,Both sexes,3.29,4264.678122
Tunisia,2012,Eastern Mediterranean,Both sexes,3.24,4152.684394
Tunisia,2013,Eastern Mediterranean,Both sexes,3.17,4222.70514
Tunisia,2014,Eastern Mediterranean,Both sexes,3.1,4305.482357
Tunisia,2015,Eastern Mediterranean,Both sexes,3.03,3861.6924
Tunisia,2016,Eastern Mediterranean,Both sexes,2.98,3697.938729
Tunisia,2017,Eastern Mediterranean,Both sexes,3.01,3481.241106
Tunisia,2018,Eastern Mediterranean,Both sexes,3.09,3438.805067
Tunisia,2019,Eastern Mediterranean,Both sexes,3.18,3351.573443
Turkey,2009,Europe,Both sexes,2.47,9103.474051
Turkey,2010,Europe,Both sexes,2.47,10742.77498
Turkey,2011,Europe,Both sexes,2.28,11420.55546
Turkey,2012,Europe,Both sexes,2.24,11795.63346
Turkey,2013,Europe,Both sexes,2.27,12614.78161
Turkey,2014,Europe,Both sexes,2.3,12157.99043
Turkey,2015,Europe,Both sexes,2.26,11006.27952
Turkey,2016,Europe,Both sexes,2.26,10894.60338
Turkey,2017,Europe,Both sexes,2.26,10589.66772
Turkey,2018,Europe,Both sexes,2.25,9453.196172
Turkey,2019,Europe,Both sexes,2.34,9126.594392
Turkmenistan,2009,Europe,Both sexes,9.6,4036.456805
Turkmenistan,2010,Europe,Both sexes,8.65,4439.202128
Turkmenistan,2011,Europe,Both sexes,7.82,5649.962106
Turkmenistan,2012,Europe,Both sexes,7.36,6675.178055
Turkmenistan,2013,Europe,Both sexes,7.42,7304.285771
Turkmenistan,2014,Europe,Both sexes,7.11,7962.244925
Turkmenistan,2015,Europe,Both sexes,6.62,6432.685325
Turkmenistan,2016,Europe,Both sexes,6.59,6387.682575
Turkmenistan,2017,Europe,Both sexes,6.23,6587.092604
Turkmenistan,2018,Europe,Both sexes,6.09,6967.375043
Turkmenistan,2019,Europe,Both sexes,6.07,7612.03518
Uganda,2009,Africa,Both sexes,15.48,796.5309244
Uganda,2010,Africa,Both sexes,14.64,819.0074652
Uganda,2011,Africa,Both sexes,14.47,828.9941128
Uganda,2012,Africa,Both sexes,13.23,786.738711
Uganda,2013,Africa,Both sexes,12.38,806.6119363
Uganda,2014,Africa,Both sexes,11.4,879.7349486
Uganda,2015,Africa,Both sexes,11.04,843.6295453
Uganda,2016,Africa,Both sexes,11.06,733.3971317
Uganda,2017,Africa,Both sexes,10.34,746.8307512
Uganda,2018,Africa,Both sexes,10.25,770.2570601
Uganda,2019,Africa,Both sexes,10.45,794.4514454
Ukraine,2009,Europe,Both sexes,21.81,2542.995424
Ukraine,2010,Europe,Both sexes,20.17,2965.139715
Ukraine,2011,Europe,Both sexes,18.95,3569.758121
Ukraine,2012,Europe,Both sexes,19.02,3855.417729
Ukraine,2013,Europe,Both sexes,18.66,4029.711252
Ukraine,2014,Europe,Both sexes,20.39,3104.643206
Ukraine,2015,Europe,Both sexes,17.87,2124.662319
Ukraine,2016,Europe,Both sexes,17.56,2187.73051
Ukraine,2017,Europe,Both sexes,16.94,2640.675677
Ukraine,2018,Europe,Both sexes,17.99,3096.817402
Ukraine,2019,Europe,Both sexes,17.73,3662.563087
United Arab Emirates,2009,Eastern Mediterranean,Both sexes,6.58,32024.19778
United Arab Emirates,2010,Eastern Mediterranean,Both sexes,6.42,33893.26387
United Arab Emirates,2011,Eastern Mediterranean,Both sexes,6.29,39194.67224
United Arab Emirates,2012,Eastern Mediterranean,Both sexes,6.13,40976.49075
United Arab Emirates,2013,Eastern Mediterranean,Both sexes,5.91,42412.6395
United Arab Emirates,2014,Eastern Mediterranean,Both sexes,5.6,43751.80565
United Arab Emirates,2015,Eastern Mediterranean,Both sexes,5.25,38663.4005
United Arab Emirates,2016,Eastern Mediterranean,Both sexes,4.97,38141.86713
United Arab Emirates,2017,Eastern Mediterranean,Both sexes,4.78,40644.79119
United Arab Emirates,2018,Eastern Mediterranean,Both sexes,5.01,43839.32449
United Arab Emirates,2019,Eastern Mediterranean,Both sexes,5.24,43103.33629
United Kingdom,2009,Europe,Both sexes,7.15,38736.9022
United Kingdom,2010,Europe,Both sexes,6.95,39536.77268
United Kingdom,2011,Europe,Both sexes,7.42,42047.61425
United Kingdom,2012,Europe,Both sexes,7.36,42449.10767
United Kingdom,2013,Europe,Both sexes,7.71,43401.31053
United Kingdom,2014,Europe,Both sexes,7.64,47452.19914
United Kingdom,2015,Europe,Both sexes,7.81,45039.23595
United Kingdom,2016,Europe,Both sexes,7.62,41048.34966
United Kingdom,2017,Europe,Both sexes,7.24,40304.72308
United Kingdom,2018,Europe,Both sexes,7.08,42992.80372
United Kingdom,2019,Europe,Both sexes,6.88,42354.41465
Uruguay,2009,Americas,Both sexes,13.37,9451.932449
Uruguay,2010,Americas,Both sexes,14.26,11992.02377
Uruguay,2011,Americas,Both sexes,15.02,14236.715
Uruguay,2012,Americas,Both sexes,16.1,15171.58017
Uruguay,2013,Americas,Both sexes,14.16,16973.68924
Uruguay,2014,Americas,Both sexes,15.77,16831.94819
Uruguay,2015,Americas,Both sexes,16.66,15613.74597
Uruguay,2016,Americas,Both sexes,18.7,16715.63347
Uruguay,2017,Americas,Both sexes,18.54,18690.89384
Uruguay,2018,Americas,Both sexes,18.85,18703.86029
Uruguay,2019,Americas,Both sexes,18.83,17688.01501
Uzbekistan,2009,Europe,Both sexes,8.22,1213.265328
Uzbekistan,2010,Europe,Both sexes,8.3,1634.312095
Uzbekistan,2011,Europe,Both sexes,8.57,1926.292997
Uzbekistan,2012,Europe,Both sexes,8.98,2137.025122
Uzbekistan,2013,Europe,Both sexes,8.92,2281.410973
Uzbekistan,2014,Europe,Both sexes,9.03,2492.336643
Uzbekistan,2015,Europe,Both sexes,9.2,2615.025134
Uzbekistan,2016,Europe,Both sexes,9.21,2567.799207
Uzbekistan,2017,Europe,Both sexes,8.92,1826.566919
Uzbekistan,2018,Europe,Both sexes,8.73,1529.082864
Uzbekistan,2019,Europe,Both sexes,8.28,1719.05721
Vanuatu,2009,Western Pacific,Both sexes,22.48,2573.889015
Vanuatu,2010,Western Pacific,Both sexes,22.15,2839.40634
Vanuatu,2011,Western Pacific,Both sexes,21.76,3173.822022
Vanuatu,2012,Western Pacific,Both sexes,21.94,2997.293432
Vanuatu,2013,Western Pacific,Both sexes,21.76,2954.774511
Vanuatu,2014,Western Pacific,Both sexes,21.14,2926.67996
Vanuatu,2015,Western Pacific,Both sexes,21.18,2695.666186
Vanuatu,2016,Western Pacific,Both sexes,21,2805.66532
Vanuatu,2017,Western Pacific,Both sexes,21.09,3082.475083
Vanuatu,2018,Western Pacific,Both sexes,21.09,3125.404999
Vanuatu,2019,Western Pacific,Both sexes,20.96,3102.34679
Vietnam,2009,Western Pacific,Both sexes,7.31,1217.268583
Vietnam,2010,Western Pacific,Both sexes,7.3,1317.890646
Vietnam,2011,Western Pacific,Both sexes,7.39,1525.119025
Vietnam,2012,Western Pacific,Both sexes,7.52,1735.152116
Vietnam,2013,Western Pacific,Both sexes,7.53,1886.69017
Vietnam,2014,Western Pacific,Both sexes,7.64,2030.278447
Vietnam,2015,Western Pacific,Both sexes,7.61,2085.101349
Vietnam,2016,Western Pacific,Both sexes,7.58,2192.174482
Vietnam,2017,Western Pacific,Both sexes,7.5,2365.521615
Vietnam,2018,Western Pacific,Both sexes,7.37,2566.447487
Vietnam,2019,Western Pacific,Both sexes,7.22,2715.27598
Zambia,2009,Africa,Both sexes,19.02,1159.907499
Zambia,2010,Africa,Both sexes,19.71,1489.459087
Zambia,2011,Africa,Both sexes,19.82,1672.907535
Zambia,2012,Africa,Both sexes,18.52,1763.069442
Zambia,2013,Africa,Both sexes,17.91,1878.346811
Zambia,2014,Africa,Both sexes,17.74,1762.427817
Zambia,2015,Africa,Both sexes,17.26,1338.290927
Zambia,2016,Africa,Both sexes,16.71,1280.806543
Zambia,2017,Africa,Both sexes,16.67,1535.196574
Zambia,2018,Africa,Both sexes,15.9,1516.3711
Zambia,2019,Africa,Both sexes,14.43,1305.002214
Zimbabwe,2009,Africa,Both sexes,35.24,771.5990323
Zimbabwe,2010,Africa,Both sexes,35.01,948.331481
Zimbabwe,2011,Africa,Both sexes,34.3,1093.653409
Zimbabwe,2012,Africa,Both sexes,33.07,1304.968011
Zimbabwe,2013,Africa,Both sexes,31.4,1429.998461
Zimbabwe,2014,Africa,Both sexes,30.83,1434.896277
Zimbabwe,2015,Africa,Both sexes,30.74,1445.069702
Zimbabwe,2016,Africa,Both sexes,28.7,1464.588957
Zimbabwe,2017,Africa,Both sexes,25.85,1335.665064
Zimbabwe,2018,Africa,Both sexes,23.87,1352.162653
Zimbabwe,2019,Africa,Both sexes,23.63,1156.154864
